--call next value for hibernate_sequence;
insert into user (`id`,`age`,`name`,`registered_date`) values (1,63,'Liam','2016-11-05'); call next value for hibernate_sequence;
insert into user (`id`,`age`,`name`,`registered_date`) values (2,38,'Noah','2017-10-12'); call next value for hibernate_sequence;
insert into user (`id`,`age`,`name`,`registered_date`) values (3,19,'Oliver','2016-04-01'); call next value for hibernate_sequence;
insert into user (`id`,`age`,`name`,`registered_date`) values (4,30,'Elijah','2017-04-26'); call next value for hibernate_sequence;
insert into user (`id`,`age`,`name`,`registered_date`) values (5,12,'William','2016-03-01'); call next value for hibernate_sequence;
insert into user (`id`,`age`,`name`,`registered_date`) values (6,49,'James','2018-05-17'); call next value for hibernate_sequence;
insert into user (`id`,`age`,`name`,`registered_date`) values (7,31,'Benjamin','2017-12-29'); call next value for hibernate_sequence;
insert into user (`id`,`age`,`name`,`registered_date`) values (8,15,'Lucas','2016-06-13'); call next value for hibernate_sequence;
insert into user (`id`,`age`,`name`,`registered_date`) values (9,18,'Henry','2016-05-28'); call next value for hibernate_sequence;
insert into user (`id`,`age`,`name`,`registered_date`) values (10,11,'Alexander','2017-02-24'); call next value for hibernate_sequence;
insert into user (`id`,`age`,`name`,`registered_date`) values (11,25,'Olivia','2016-01-30'); call next value for hibernate_sequence;
insert into user (`id`,`age`,`name`,`registered_date`) values (12,52,'Emma','2016-11-18'); call next value for hibernate_sequence;
insert into user (`id`,`age`,`name`,`registered_date`) values (13,77,'Ava','2016-04-12'); call next value for hibernate_sequence;
insert into user (`id`,`age`,`name`,`registered_date`) values (14,33,'Charlotte','2016-12-30'); call next value for hibernate_sequence;
insert into user (`id`,`age`,`name`,`registered_date`) values (15,63,'Sophia','2017-05-20'); call next value for hibernate_sequence;
insert into user (`id`,`age`,`name`,`registered_date`) values (16,68,'Amelia','2018-03-06'); call next value for hibernate_sequence;
insert into user (`id`,`age`,`name`,`registered_date`) values (17,37,'Isabella','2016-03-25'); call next value for hibernate_sequence;
insert into user (`id`,`age`,`name`,`registered_date`) values (18,67,'Mia','2016-10-30'); call next value for hibernate_sequence;
insert into user (`id`,`age`,`name`,`registered_date`) values (19,28,'Evelyn','2016-03-02'); call next value for hibernate_sequence;
insert into user (`id`,`age`,`name`,`registered_date`) values (20,15,'Harper','2018-03-15'); call next value for hibernate_sequence;

insert into account (`user_id`,`account_number`) values (11,'1000-01'); call next value for hibernate_sequence;
insert into account (`user_id`,`account_number`) values (6,'1000-02'); call next value for hibernate_sequence;
insert into account (`user_id`,`account_number`) values (19,'1000-03'); call next value for hibernate_sequence;
insert into account (`user_id`,`account_number`) values (20,'1000-04'); call next value for hibernate_sequence;
insert into account (`user_id`,`account_number`) values (11,'1000-05'); call next value for hibernate_sequence;
insert into account (`user_id`,`account_number`) values (7,'1000-06'); call next value for hibernate_sequence;
insert into account (`user_id`,`account_number`) values (18,'1000-07'); call next value for hibernate_sequence;
insert into account (`user_id`,`account_number`) values (13,'1000-08'); call next value for hibernate_sequence;
insert into account (`user_id`,`account_number`) values (7,'1000-09'); call next value for hibernate_sequence;
insert into account (`user_id`,`account_number`) values (18,'1000-10'); call next value for hibernate_sequence;
insert into account (`user_id`,`account_number`) values (15,'1000-11'); call next value for hibernate_sequence;
insert into account (`user_id`,`account_number`) values (14,'1000-12'); call next value for hibernate_sequence;
insert into account (`user_id`,`account_number`) values (19,'1000-13'); call next value for hibernate_sequence;
insert into account (`user_id`,`account_number`) values (7,'1000-14'); call next value for hibernate_sequence;
insert into account (`user_id`,`account_number`) values (17,'1000-15'); call next value for hibernate_sequence;
insert into account (`user_id`,`account_number`) values (20,'1000-16'); call next value for hibernate_sequence;
insert into account (`user_id`,`account_number`) values (9,'1000-17'); call next value for hibernate_sequence;
insert into account (`user_id`,`account_number`) values (7,'1000-18'); call next value for hibernate_sequence;
insert into account (`user_id`,`account_number`) values (7,'1000-19'); call next value for hibernate_sequence;
insert into account (`user_id`,`account_number`) values (6,'1000-20'); call next value for hibernate_sequence;
insert into account (`user_id`,`account_number`) values (9,'1000-21'); call next value for hibernate_sequence;
insert into account (`user_id`,`account_number`) values (1,'1000-22'); call next value for hibernate_sequence;
insert into account (`user_id`,`account_number`) values (2,'1000-23'); call next value for hibernate_sequence;
insert into account (`user_id`,`account_number`) values (4,'1000-24'); call next value for hibernate_sequence;
insert into account (`user_id`,`account_number`) values (10,'1000-25'); call next value for hibernate_sequence;
insert into account (`user_id`,`account_number`) values (15,'1000-26'); call next value for hibernate_sequence;
insert into account (`user_id`,`account_number`) values (14,'1000-27'); call next value for hibernate_sequence;
insert into account (`user_id`,`account_number`) values (5,'1000-28'); call next value for hibernate_sequence;
insert into account (`user_id`,`account_number`) values (2,'1000-29'); call next value for hibernate_sequence;
insert into account (`user_id`,`account_number`) values (19,'1000-30'); call next value for hibernate_sequence;
insert into account (`user_id`,`account_number`) values (20,'1000-31'); call next value for hibernate_sequence;
insert into account (`user_id`,`account_number`) values (12,'1000-32'); call next value for hibernate_sequence;
insert into account (`user_id`,`account_number`) values (20,'1000-33'); call next value for hibernate_sequence;
insert into account (`user_id`,`account_number`) values (3,'1000-34'); call next value for hibernate_sequence;
insert into account (`user_id`,`account_number`) values (10,'1000-35'); call next value for hibernate_sequence;
insert into account (`user_id`,`account_number`) values (16,'1000-36'); call next value for hibernate_sequence;
insert into account (`user_id`,`account_number`) values (6,'1000-37'); call next value for hibernate_sequence;
insert into account (`user_id`,`account_number`) values (2,'1000-38'); call next value for hibernate_sequence;
insert into account (`user_id`,`account_number`) values (18,'1000-39'); call next value for hibernate_sequence;
insert into account (`user_id`,`account_number`) values (18,'1000-40'); call next value for hibernate_sequence;
insert into account (`user_id`,`account_number`) values (13,'1000-41'); call next value for hibernate_sequence;
insert into account (`user_id`,`account_number`) values (11,'1000-42'); call next value for hibernate_sequence;
insert into account (`user_id`,`account_number`) values (5,'1000-43'); call next value for hibernate_sequence;
insert into account (`user_id`,`account_number`) values (19,'1000-44'); call next value for hibernate_sequence;
insert into account (`user_id`,`account_number`) values (8,'1000-45'); call next value for hibernate_sequence;
insert into account (`user_id`,`account_number`) values (1,'1000-46'); call next value for hibernate_sequence;
insert into account (`user_id`,`account_number`) values (10,'1000-47'); call next value for hibernate_sequence;
insert into account (`user_id`,`account_number`) values (14,'1000-48'); call next value for hibernate_sequence;
insert into account (`user_id`,`account_number`) values (17,'1000-49'); call next value for hibernate_sequence;
insert into account (`user_id`,`account_number`) values (8,'1000-50'); call next value for hibernate_sequence;


insert into account_transaction_detail (`id`,`account_number`,`is_deposit_operation`,`deposit_money`,`deposit_date`) values (1,'1000-01','Y',336700,'2019-08-26'); call next value for hibernate_sequence;
insert into account_transaction_detail (`id`,`account_number`,`is_deposit_operation`,`deposit_money`,`deposit_date`) values (2,'1000-02','Y',911600,'2019-06-05'); call next value for hibernate_sequence;
insert into account_transaction_detail (`id`,`account_number`,`is_deposit_operation`,`deposit_money`,`deposit_date`) values (3,'1000-03','Y',997700,'2020-09-09'); call next value for hibernate_sequence;
insert into account_transaction_detail (`id`,`account_number`,`is_deposit_operation`,`deposit_money`,`deposit_date`) values (4,'1000-04','Y',709500,'2019-05-06'); call next value for hibernate_sequence;
insert into account_transaction_detail (`id`,`account_number`,`is_deposit_operation`,`deposit_money`,`deposit_date`) values (5,'1000-05','N',48400,'2021-08-11'); call next value for hibernate_sequence;
insert into account_transaction_detail (`id`,`account_number`,`is_deposit_operation`,`deposit_money`,`deposit_date`) values (6,'1000-06','N',33600,'2020-06-28'); call next value for hibernate_sequence;
insert into account_transaction_detail (`id`,`account_number`,`is_deposit_operation`,`deposit_money`,`deposit_date`) values (7,'1000-07','N',62500,'2020-04-25'); call next value for hibernate_sequence;
insert into account_transaction_detail (`id`,`account_number`,`is_deposit_operation`,`deposit_money`,`deposit_date`) values (8,'1000-08','Y',44900,'2021-04-23'); call next value for hibernate_sequence;
insert into account_transaction_detail (`id`,`account_number`,`is_deposit_operation`,`deposit_money`,`deposit_date`) values (9,'1000-09','Y',65900,'2021-05-01'); call next value for hibernate_sequence;
insert into account_transaction_detail (`id`,`account_number`,`is_deposit_operation`,`deposit_money`,`deposit_date`) values (10,'1000-10','N',65300,'2021-06-04'); call next value for hibernate_sequence;
insert into account_transaction_detail (`id`,`account_number`,`is_deposit_operation`,`deposit_money`,`deposit_date`) values (11,'1000-11','N',77200,'2020-07-18'); call next value for hibernate_sequence;
insert into account_transaction_detail (`id`,`account_number`,`is_deposit_operation`,`deposit_money`,`deposit_date`) values (12,'1000-12','Y',31800,'2019-07-17'); call next value for hibernate_sequence;
insert into account_transaction_detail (`id`,`account_number`,`is_deposit_operation`,`deposit_money`,`deposit_date`) values (13,'1000-13','Y',82600,'2019-12-20'); call next value for hibernate_sequence;
insert into account_transaction_detail (`id`,`account_number`,`is_deposit_operation`,`deposit_money`,`deposit_date`) values (14,'1000-14','Y',40900,'2020-04-26'); call next value for hibernate_sequence;
insert into account_transaction_detail (`id`,`account_number`,`is_deposit_operation`,`deposit_money`,`deposit_date`) values (15,'1000-15','Y',54600,'2019-10-17'); call next value for hibernate_sequence;
insert into account_transaction_detail (`id`,`account_number`,`is_deposit_operation`,`deposit_money`,`deposit_date`) values (16,'1000-16','Y',37700,'2019-09-03'); call next value for hibernate_sequence;
insert into account_transaction_detail (`id`,`account_number`,`is_deposit_operation`,`deposit_money`,`deposit_date`) values (17,'1000-17','Y',81400,'2019-08-29'); call next value for hibernate_sequence;
insert into account_transaction_detail (`id`,`account_number`,`is_deposit_operation`,`deposit_money`,`deposit_date`) values (18,'1000-18','Y',81300,'2020-01-19'); call next value for hibernate_sequence;
insert into account_transaction_detail (`id`,`account_number`,`is_deposit_operation`,`deposit_money`,`deposit_date`) values (19,'1000-19','Y',48600,'2021-07-26'); call next value for hibernate_sequence;
insert into account_transaction_detail (`id`,`account_number`,`is_deposit_operation`,`deposit_money`,`deposit_date`) values (20,'1000-20','Y',23900,'2019-07-25'); call next value for hibernate_sequence;
insert into account_transaction_detail (`id`,`account_number`,`is_deposit_operation`,`deposit_money`,`deposit_date`) values (21,'1000-21','N',85700,'2021-03-10'); call next value for hibernate_sequence;
insert into account_transaction_detail (`id`,`account_number`,`is_deposit_operation`,`deposit_money`,`deposit_date`) values (22,'1000-22','Y',99500,'2021-03-11'); call next value for hibernate_sequence;
insert into account_transaction_detail (`id`,`account_number`,`is_deposit_operation`,`deposit_money`,`deposit_date`) values (23,'1000-23','Y',98000,'2019-08-01'); call next value for hibernate_sequence;
insert into account_transaction_detail (`id`,`account_number`,`is_deposit_operation`,`deposit_money`,`deposit_date`) values (24,'1000-24','N',37000,'2020-04-08'); call next value for hibernate_sequence;
insert into account_transaction_detail (`id`,`account_number`,`is_deposit_operation`,`deposit_money`,`deposit_date`) values (25,'1000-25','Y',58900,'2020-06-14'); call next value for hibernate_sequence;
insert into account_transaction_detail (`id`,`account_number`,`is_deposit_operation`,`deposit_money`,`deposit_date`) values (26,'1000-26','N',38400,'2021-01-03'); call next value for hibernate_sequence;
insert into account_transaction_detail (`id`,`account_number`,`is_deposit_operation`,`deposit_money`,`deposit_date`) values (27,'1000-27','Y',46600,'2020-07-11'); call next value for hibernate_sequence;
insert into account_transaction_detail (`id`,`account_number`,`is_deposit_operation`,`deposit_money`,`deposit_date`) values (28,'1000-28','N',76300,'2021-02-23'); call next value for hibernate_sequence;
insert into account_transaction_detail (`id`,`account_number`,`is_deposit_operation`,`deposit_money`,`deposit_date`) values (29,'1000-29','Y',42000,'2019-08-30'); call next value for hibernate_sequence;
insert into account_transaction_detail (`id`,`account_number`,`is_deposit_operation`,`deposit_money`,`deposit_date`) values (30,'1000-30','Y',41800,'2021-01-08'); call next value for hibernate_sequence;
insert into account_transaction_detail (`id`,`account_number`,`is_deposit_operation`,`deposit_money`,`deposit_date`) values (31,'1000-31','Y',39500,'2020-12-05'); call next value for hibernate_sequence;
insert into account_transaction_detail (`id`,`account_number`,`is_deposit_operation`,`deposit_money`,`deposit_date`) values (32,'1000-32','Y',98900,'2020-12-11'); call next value for hibernate_sequence;
insert into account_transaction_detail (`id`,`account_number`,`is_deposit_operation`,`deposit_money`,`deposit_date`) values (33,'1000-33','Y',34600,'2021-05-25'); call next value for hibernate_sequence;
insert into account_transaction_detail (`id`,`account_number`,`is_deposit_operation`,`deposit_money`,`deposit_date`) values (34,'1000-34','Y',94500,'2021-05-06'); call next value for hibernate_sequence;
insert into account_transaction_detail (`id`,`account_number`,`is_deposit_operation`,`deposit_money`,`deposit_date`) values (35,'1000-35','N',21800,'2020-03-11'); call next value for hibernate_sequence;
insert into account_transaction_detail (`id`,`account_number`,`is_deposit_operation`,`deposit_money`,`deposit_date`) values (36,'1000-36','Y',72100,'2020-05-20'); call next value for hibernate_sequence;
insert into account_transaction_detail (`id`,`account_number`,`is_deposit_operation`,`deposit_money`,`deposit_date`) values (37,'1000-37','Y',53500,'2019-12-29'); call next value for hibernate_sequence;
insert into account_transaction_detail (`id`,`account_number`,`is_deposit_operation`,`deposit_money`,`deposit_date`) values (38,'1000-38','N',26400,'2019-07-03'); call next value for hibernate_sequence;
insert into account_transaction_detail (`id`,`account_number`,`is_deposit_operation`,`deposit_money`,`deposit_date`) values (39,'1000-39','Y',63900,'2019-08-14'); call next value for hibernate_sequence;
insert into account_transaction_detail (`id`,`account_number`,`is_deposit_operation`,`deposit_money`,`deposit_date`) values (40,'1000-40','Y',98000,'2019-10-19'); call next value for hibernate_sequence;
insert into account_transaction_detail (`id`,`account_number`,`is_deposit_operation`,`deposit_money`,`deposit_date`) values (41,'1000-41','Y',82500,'2020-01-05'); call next value for hibernate_sequence;
insert into account_transaction_detail (`id`,`account_number`,`is_deposit_operation`,`deposit_money`,`deposit_date`) values (42,'1000-42','Y',65700,'2019-08-02'); call next value for hibernate_sequence;
insert into account_transaction_detail (`id`,`account_number`,`is_deposit_operation`,`deposit_money`,`deposit_date`) values (43,'1000-43','Y',82200,'2019-09-21'); call next value for hibernate_sequence;
insert into account_transaction_detail (`id`,`account_number`,`is_deposit_operation`,`deposit_money`,`deposit_date`) values (44,'1000-44','Y',44700,'2020-06-17'); call next value for hibernate_sequence;
insert into account_transaction_detail (`id`,`account_number`,`is_deposit_operation`,`deposit_money`,`deposit_date`) values (45,'1000-45','N',25300,'2019-10-14'); call next value for hibernate_sequence;
insert into account_transaction_detail (`id`,`account_number`,`is_deposit_operation`,`deposit_money`,`deposit_date`) values (46,'1000-46','N',77500,'2019-11-07'); call next value for hibernate_sequence;
insert into account_transaction_detail (`id`,`account_number`,`is_deposit_operation`,`deposit_money`,`deposit_date`) values (47,'1000-47','Y',41100,'2019-08-18'); call next value for hibernate_sequence;
insert into account_transaction_detail (`id`,`account_number`,`is_deposit_operation`,`deposit_money`,`deposit_date`) values (48,'1000-48','N',86700,'2020-11-03'); call next value for hibernate_sequence;
insert into account_transaction_detail (`id`,`account_number`,`is_deposit_operation`,`deposit_money`,`deposit_date`) values (49,'1000-49','Y',77000,'2019-04-16'); call next value for hibernate_sequence;
insert into account_transaction_detail (`id`,`account_number`,`is_deposit_operation`,`deposit_money`,`deposit_date`) values (50,'1000-50','Y',52600,'2021-05-15'); call next value for hibernate_sequence;
insert into account_transaction_detail (`id`,`account_number`,`is_deposit_operation`,`deposit_money`,`deposit_date`) values (51,'1000-01','N',85900,'2019-04-11'); call next value for hibernate_sequence;
insert into account_transaction_detail (`id`,`account_number`,`is_deposit_operation`,`deposit_money`,`deposit_date`) values (52,'1000-02','Y',92400,'2021-09-12'); call next value for hibernate_sequence;
insert into account_transaction_detail (`id`,`account_number`,`is_deposit_operation`,`deposit_money`,`deposit_date`) values (53,'1000-03','Y',21000,'2020-02-17'); call next value for hibernate_sequence;
insert into account_transaction_detail (`id`,`account_number`,`is_deposit_operation`,`deposit_money`,`deposit_date`) values (54,'1000-04','Y',91500,'2021-08-15'); call next value for hibernate_sequence;
insert into account_transaction_detail (`id`,`account_number`,`is_deposit_operation`,`deposit_money`,`deposit_date`) values (55,'1000-05','Y',61600,'2020-11-14'); call next value for hibernate_sequence;
insert into account_transaction_detail (`id`,`account_number`,`is_deposit_operation`,`deposit_money`,`deposit_date`) values (56,'1000-06','Y',38700,'2021-09-01'); call next value for hibernate_sequence;
insert into account_transaction_detail (`id`,`account_number`,`is_deposit_operation`,`deposit_money`,`deposit_date`) values (57,'1000-07','Y',93900,'2021-07-29'); call next value for hibernate_sequence;
insert into account_transaction_detail (`id`,`account_number`,`is_deposit_operation`,`deposit_money`,`deposit_date`) values (58,'1000-08','Y',77500,'2020-09-12'); call next value for hibernate_sequence;
insert into account_transaction_detail (`id`,`account_number`,`is_deposit_operation`,`deposit_money`,`deposit_date`) values (59,'1000-09','N',61800,'2021-09-19'); call next value for hibernate_sequence;
insert into account_transaction_detail (`id`,`account_number`,`is_deposit_operation`,`deposit_money`,`deposit_date`) values (60,'1000-10','Y',81600,'2020-04-02'); call next value for hibernate_sequence;
insert into account_transaction_detail (`id`,`account_number`,`is_deposit_operation`,`deposit_money`,`deposit_date`) values (61,'1000-11','N',20800,'2019-02-26'); call next value for hibernate_sequence;
insert into account_transaction_detail (`id`,`account_number`,`is_deposit_operation`,`deposit_money`,`deposit_date`) values (62,'1000-12','N',80800,'2020-09-14'); call next value for hibernate_sequence;
insert into account_transaction_detail (`id`,`account_number`,`is_deposit_operation`,`deposit_money`,`deposit_date`) values (63,'1000-13','Y',49300,'2020-09-20'); call next value for hibernate_sequence;
insert into account_transaction_detail (`id`,`account_number`,`is_deposit_operation`,`deposit_money`,`deposit_date`) values (64,'1000-14','N',25200,'2019-12-27'); call next value for hibernate_sequence;
insert into account_transaction_detail (`id`,`account_number`,`is_deposit_operation`,`deposit_money`,`deposit_date`) values (65,'1000-15','Y',56600,'2020-01-17'); call next value for hibernate_sequence;
insert into account_transaction_detail (`id`,`account_number`,`is_deposit_operation`,`deposit_money`,`deposit_date`) values (66,'1000-16','Y',21400,'2020-11-10'); call next value for hibernate_sequence;
insert into account_transaction_detail (`id`,`account_number`,`is_deposit_operation`,`deposit_money`,`deposit_date`) values (67,'1000-17','N',44900,'2021-08-13'); call next value for hibernate_sequence;
insert into account_transaction_detail (`id`,`account_number`,`is_deposit_operation`,`deposit_money`,`deposit_date`) values (68,'1000-18','N',87100,'2021-01-14'); call next value for hibernate_sequence;
insert into account_transaction_detail (`id`,`account_number`,`is_deposit_operation`,`deposit_money`,`deposit_date`) values (69,'1000-19','N',45400,'2021-04-27'); call next value for hibernate_sequence;
insert into account_transaction_detail (`id`,`account_number`,`is_deposit_operation`,`deposit_money`,`deposit_date`) values (70,'1000-20','Y',31300,'2019-08-11'); call next value for hibernate_sequence;
insert into account_transaction_detail (`id`,`account_number`,`is_deposit_operation`,`deposit_money`,`deposit_date`) values (71,'1000-21','N',79500,'2020-10-09'); call next value for hibernate_sequence;
insert into account_transaction_detail (`id`,`account_number`,`is_deposit_operation`,`deposit_money`,`deposit_date`) values (72,'1000-22','Y',61400,'2020-06-22'); call next value for hibernate_sequence;
insert into account_transaction_detail (`id`,`account_number`,`is_deposit_operation`,`deposit_money`,`deposit_date`) values (73,'1000-23','N',59500,'2021-02-19'); call next value for hibernate_sequence;
insert into account_transaction_detail (`id`,`account_number`,`is_deposit_operation`,`deposit_money`,`deposit_date`) values (74,'1000-24','Y',83000,'2020-06-12'); call next value for hibernate_sequence;
insert into account_transaction_detail (`id`,`account_number`,`is_deposit_operation`,`deposit_money`,`deposit_date`) values (75,'1000-25','Y',97600,'2019-05-06'); call next value for hibernate_sequence;
insert into account_transaction_detail (`id`,`account_number`,`is_deposit_operation`,`deposit_money`,`deposit_date`) values (76,'1000-26','N',95300,'2021-01-30'); call next value for hibernate_sequence;
insert into account_transaction_detail (`id`,`account_number`,`is_deposit_operation`,`deposit_money`,`deposit_date`) values (77,'1000-27','N',34300,'2019-05-13'); call next value for hibernate_sequence;
insert into account_transaction_detail (`id`,`account_number`,`is_deposit_operation`,`deposit_money`,`deposit_date`) values (78,'1000-28','Y',49800,'2020-12-26'); call next value for hibernate_sequence;
insert into account_transaction_detail (`id`,`account_number`,`is_deposit_operation`,`deposit_money`,`deposit_date`) values (79,'1000-29','Y',54900,'2019-05-30'); call next value for hibernate_sequence;
insert into account_transaction_detail (`id`,`account_number`,`is_deposit_operation`,`deposit_money`,`deposit_date`) values (80,'1000-30','Y',22600,'2019-10-08'); call next value for hibernate_sequence;
insert into account_transaction_detail (`id`,`account_number`,`is_deposit_operation`,`deposit_money`,`deposit_date`) values (81,'1000-31','Y',49800,'2020-03-11'); call next value for hibernate_sequence;
insert into account_transaction_detail (`id`,`account_number`,`is_deposit_operation`,`deposit_money`,`deposit_date`) values (82,'1000-32','Y',49100,'2020-09-22'); call next value for hibernate_sequence;
insert into account_transaction_detail (`id`,`account_number`,`is_deposit_operation`,`deposit_money`,`deposit_date`) values (83,'1000-33','Y',47500,'2020-09-18'); call next value for hibernate_sequence;
insert into account_transaction_detail (`id`,`account_number`,`is_deposit_operation`,`deposit_money`,`deposit_date`) values (84,'1000-34','Y',24700,'2019-10-04'); call next value for hibernate_sequence;
insert into account_transaction_detail (`id`,`account_number`,`is_deposit_operation`,`deposit_money`,`deposit_date`) values (85,'1000-35','Y',96700,'2019-05-07'); call next value for hibernate_sequence;
insert into account_transaction_detail (`id`,`account_number`,`is_deposit_operation`,`deposit_money`,`deposit_date`) values (86,'1000-36','Y',63700,'2019-12-01'); call next value for hibernate_sequence;
insert into account_transaction_detail (`id`,`account_number`,`is_deposit_operation`,`deposit_money`,`deposit_date`) values (87,'1000-37','Y',45900,'2021-07-25'); call next value for hibernate_sequence;
insert into account_transaction_detail (`id`,`account_number`,`is_deposit_operation`,`deposit_money`,`deposit_date`) values (88,'1000-38','N',28300,'2020-12-01'); call next value for hibernate_sequence;
insert into account_transaction_detail (`id`,`account_number`,`is_deposit_operation`,`deposit_money`,`deposit_date`) values (89,'1000-39','Y',47500,'2019-08-09'); call next value for hibernate_sequence;
insert into account_transaction_detail (`id`,`account_number`,`is_deposit_operation`,`deposit_money`,`deposit_date`) values (90,'1000-40','N',22700,'2020-03-17'); call next value for hibernate_sequence;
insert into account_transaction_detail (`id`,`account_number`,`is_deposit_operation`,`deposit_money`,`deposit_date`) values (91,'1000-41','Y',41400,'2019-12-28'); call next value for hibernate_sequence;
insert into account_transaction_detail (`id`,`account_number`,`is_deposit_operation`,`deposit_money`,`deposit_date`) values (92,'1000-42','Y',48800,'2019-07-19'); call next value for hibernate_sequence;
insert into account_transaction_detail (`id`,`account_number`,`is_deposit_operation`,`deposit_money`,`deposit_date`) values (93,'1000-43','Y',24000,'2019-07-14'); call next value for hibernate_sequence;
insert into account_transaction_detail (`id`,`account_number`,`is_deposit_operation`,`deposit_money`,`deposit_date`) values (94,'1000-44','Y',24600,'2020-06-03'); call next value for hibernate_sequence;
insert into account_transaction_detail (`id`,`account_number`,`is_deposit_operation`,`deposit_money`,`deposit_date`) values (95,'1000-45','Y',49200,'2020-10-03'); call next value for hibernate_sequence;
insert into account_transaction_detail (`id`,`account_number`,`is_deposit_operation`,`deposit_money`,`deposit_date`) values (96,'1000-46','Y',28200,'2019-03-04'); call next value for hibernate_sequence;
insert into account_transaction_detail (`id`,`account_number`,`is_deposit_operation`,`deposit_money`,`deposit_date`) values (97,'1000-47','Y',20700,'2021-06-12'); call next value for hibernate_sequence;
insert into account_transaction_detail (`id`,`account_number`,`is_deposit_operation`,`deposit_money`,`deposit_date`) values (98,'1000-48','Y',95300,'2019-05-03'); call next value for hibernate_sequence;
insert into account_transaction_detail (`id`,`account_number`,`is_deposit_operation`,`deposit_money`,`deposit_date`) values (99,'1000-49','N',62600,'2020-05-21'); call next value for hibernate_sequence;
insert into account_transaction_detail (`id`,`account_number`,`is_deposit_operation`,`deposit_money`,`deposit_date`) values (100,'1000-50','Y',84800,'2019-07-12'); call next value for hibernate_sequence;
insert into account_transaction_detail (`id`,`account_number`,`is_deposit_operation`,`deposit_money`,`deposit_date`) values (101,'1000-01','N',63200,'2019-04-08'); call next value for hibernate_sequence;
insert into account_transaction_detail (`id`,`account_number`,`is_deposit_operation`,`deposit_money`,`deposit_date`) values (102,'1000-02','Y',94000,'2020-11-09'); call next value for hibernate_sequence;
insert into account_transaction_detail (`id`,`account_number`,`is_deposit_operation`,`deposit_money`,`deposit_date`) values (103,'1000-03','Y',71400,'2021-04-06'); call next value for hibernate_sequence;
insert into account_transaction_detail (`id`,`account_number`,`is_deposit_operation`,`deposit_money`,`deposit_date`) values (104,'1000-04','N',70500,'2019-07-02'); call next value for hibernate_sequence;
insert into account_transaction_detail (`id`,`account_number`,`is_deposit_operation`,`deposit_money`,`deposit_date`) values (105,'1000-05','N',65200,'2019-06-03'); call next value for hibernate_sequence;
insert into account_transaction_detail (`id`,`account_number`,`is_deposit_operation`,`deposit_money`,`deposit_date`) values (106,'1000-06','N',63600,'2019-08-04'); call next value for hibernate_sequence;
insert into account_transaction_detail (`id`,`account_number`,`is_deposit_operation`,`deposit_money`,`deposit_date`) values (107,'1000-07','N',23000,'2021-05-13'); call next value for hibernate_sequence;
insert into account_transaction_detail (`id`,`account_number`,`is_deposit_operation`,`deposit_money`,`deposit_date`) values (108,'1000-08','Y',87200,'2019-04-28'); call next value for hibernate_sequence;
insert into account_transaction_detail (`id`,`account_number`,`is_deposit_operation`,`deposit_money`,`deposit_date`) values (109,'1000-09','Y',76600,'2021-03-21'); call next value for hibernate_sequence;
insert into account_transaction_detail (`id`,`account_number`,`is_deposit_operation`,`deposit_money`,`deposit_date`) values (110,'1000-10','N',63900,'2021-03-28'); call next value for hibernate_sequence;
insert into account_transaction_detail (`id`,`account_number`,`is_deposit_operation`,`deposit_money`,`deposit_date`) values (111,'1000-11','N',31800,'2019-04-12'); call next value for hibernate_sequence;
insert into account_transaction_detail (`id`,`account_number`,`is_deposit_operation`,`deposit_money`,`deposit_date`) values (112,'1000-12','Y',34900,'2020-05-28'); call next value for hibernate_sequence;
insert into account_transaction_detail (`id`,`account_number`,`is_deposit_operation`,`deposit_money`,`deposit_date`) values (113,'1000-13','Y',34900,'2021-06-29'); call next value for hibernate_sequence;
insert into account_transaction_detail (`id`,`account_number`,`is_deposit_operation`,`deposit_money`,`deposit_date`) values (114,'1000-14','Y',45200,'2019-10-29'); call next value for hibernate_sequence;
insert into account_transaction_detail (`id`,`account_number`,`is_deposit_operation`,`deposit_money`,`deposit_date`) values (115,'1000-15','N',97300,'2019-11-12'); call next value for hibernate_sequence;
insert into account_transaction_detail (`id`,`account_number`,`is_deposit_operation`,`deposit_money`,`deposit_date`) values (116,'1000-16','Y',27800,'2021-06-19'); call next value for hibernate_sequence;
insert into account_transaction_detail (`id`,`account_number`,`is_deposit_operation`,`deposit_money`,`deposit_date`) values (117,'1000-17','Y',93700,'2021-05-17'); call next value for hibernate_sequence;
insert into account_transaction_detail (`id`,`account_number`,`is_deposit_operation`,`deposit_money`,`deposit_date`) values (118,'1000-18','N',95800,'2021-09-02'); call next value for hibernate_sequence;
insert into account_transaction_detail (`id`,`account_number`,`is_deposit_operation`,`deposit_money`,`deposit_date`) values (119,'1000-19','Y',72300,'2019-12-06'); call next value for hibernate_sequence;
insert into account_transaction_detail (`id`,`account_number`,`is_deposit_operation`,`deposit_money`,`deposit_date`) values (120,'1000-20','Y',98500,'2019-07-03'); call next value for hibernate_sequence;
insert into account_transaction_detail (`id`,`account_number`,`is_deposit_operation`,`deposit_money`,`deposit_date`) values (121,'1000-21','Y',60500,'2021-05-02'); call next value for hibernate_sequence;
insert into account_transaction_detail (`id`,`account_number`,`is_deposit_operation`,`deposit_money`,`deposit_date`) values (122,'1000-22','Y',82500,'2019-04-22'); call next value for hibernate_sequence;
insert into account_transaction_detail (`id`,`account_number`,`is_deposit_operation`,`deposit_money`,`deposit_date`) values (123,'1000-23','N',95900,'2020-11-24'); call next value for hibernate_sequence;
insert into account_transaction_detail (`id`,`account_number`,`is_deposit_operation`,`deposit_money`,`deposit_date`) values (124,'1000-24','Y',28800,'2020-01-30'); call next value for hibernate_sequence;
insert into account_transaction_detail (`id`,`account_number`,`is_deposit_operation`,`deposit_money`,`deposit_date`) values (125,'1000-25','Y',41000,'2021-04-24'); call next value for hibernate_sequence;
insert into account_transaction_detail (`id`,`account_number`,`is_deposit_operation`,`deposit_money`,`deposit_date`) values (126,'1000-26','Y',52100,'2021-05-22'); call next value for hibernate_sequence;
insert into account_transaction_detail (`id`,`account_number`,`is_deposit_operation`,`deposit_money`,`deposit_date`) values (127,'1000-27','N',30600,'2020-11-20'); call next value for hibernate_sequence;
insert into account_transaction_detail (`id`,`account_number`,`is_deposit_operation`,`deposit_money`,`deposit_date`) values (128,'1000-28','Y',96100,'2020-08-08'); call next value for hibernate_sequence;
insert into account_transaction_detail (`id`,`account_number`,`is_deposit_operation`,`deposit_money`,`deposit_date`) values (129,'1000-29','Y',67400,'2020-01-12'); call next value for hibernate_sequence;
insert into account_transaction_detail (`id`,`account_number`,`is_deposit_operation`,`deposit_money`,`deposit_date`) values (130,'1000-30','Y',83600,'2020-03-24'); call next value for hibernate_sequence;
insert into account_transaction_detail (`id`,`account_number`,`is_deposit_operation`,`deposit_money`,`deposit_date`) values (131,'1000-31','Y',60300,'2021-06-29'); call next value for hibernate_sequence;
insert into account_transaction_detail (`id`,`account_number`,`is_deposit_operation`,`deposit_money`,`deposit_date`) values (132,'1000-32','Y',88700,'2021-08-20'); call next value for hibernate_sequence;
insert into account_transaction_detail (`id`,`account_number`,`is_deposit_operation`,`deposit_money`,`deposit_date`) values (133,'1000-33','N',26800,'2019-04-26'); call next value for hibernate_sequence;
insert into account_transaction_detail (`id`,`account_number`,`is_deposit_operation`,`deposit_money`,`deposit_date`) values (134,'1000-34','Y',46000,'2019-07-07'); call next value for hibernate_sequence;
insert into account_transaction_detail (`id`,`account_number`,`is_deposit_operation`,`deposit_money`,`deposit_date`) values (135,'1000-35','N',43300,'2020-03-14'); call next value for hibernate_sequence;
insert into account_transaction_detail (`id`,`account_number`,`is_deposit_operation`,`deposit_money`,`deposit_date`) values (136,'1000-36','N',20500,'2020-05-22'); call next value for hibernate_sequence;
insert into account_transaction_detail (`id`,`account_number`,`is_deposit_operation`,`deposit_money`,`deposit_date`) values (137,'1000-37','Y',99900,'2020-07-02'); call next value for hibernate_sequence;
insert into account_transaction_detail (`id`,`account_number`,`is_deposit_operation`,`deposit_money`,`deposit_date`) values (138,'1000-38','N',87500,'2019-10-18'); call next value for hibernate_sequence;
insert into account_transaction_detail (`id`,`account_number`,`is_deposit_operation`,`deposit_money`,`deposit_date`) values (139,'1000-39','Y',70000,'2019-02-08'); call next value for hibernate_sequence;
insert into account_transaction_detail (`id`,`account_number`,`is_deposit_operation`,`deposit_money`,`deposit_date`) values (140,'1000-40','N',44800,'2020-04-27'); call next value for hibernate_sequence;
insert into account_transaction_detail (`id`,`account_number`,`is_deposit_operation`,`deposit_money`,`deposit_date`) values (141,'1000-41','N',824800,'2020-04-01'); call next value for hibernate_sequence;
insert into account_transaction_detail (`id`,`account_number`,`is_deposit_operation`,`deposit_money`,`deposit_date`) values (142,'1000-42','Y',52800,'2019-11-23'); call next value for hibernate_sequence;
insert into account_transaction_detail (`id`,`account_number`,`is_deposit_operation`,`deposit_money`,`deposit_date`) values (143,'1000-43','Y',739600,'2021-07-29'); call next value for hibernate_sequence;
insert into account_transaction_detail (`id`,`account_number`,`is_deposit_operation`,`deposit_money`,`deposit_date`) values (144,'1000-44','Y',796400,'2021-04-23'); call next value for hibernate_sequence;
insert into account_transaction_detail (`id`,`account_number`,`is_deposit_operation`,`deposit_money`,`deposit_date`) values (145,'1000-45','N',188000,'2019-05-02'); call next value for hibernate_sequence;
insert into account_transaction_detail (`id`,`account_number`,`is_deposit_operation`,`deposit_money`,`deposit_date`) values (146,'1000-46','Y',961100,'2019-12-14'); call next value for hibernate_sequence;
insert into account_transaction_detail (`id`,`account_number`,`is_deposit_operation`,`deposit_money`,`deposit_date`) values (147,'1000-47','Y',870200,'2019-03-06'); call next value for hibernate_sequence;
insert into account_transaction_detail (`id`,`account_number`,`is_deposit_operation`,`deposit_money`,`deposit_date`) values (148,'1000-48','Y',515300,'2019-07-19'); call next value for hibernate_sequence;
insert into account_transaction_detail (`id`,`account_number`,`is_deposit_operation`,`deposit_money`,`deposit_date`) values (149,'1000-49','N',118600,'2020-02-17'); call next value for hibernate_sequence;
insert into account_transaction_detail (`id`,`account_number`,`is_deposit_operation`,`deposit_money`,`deposit_date`) values (150,'1000-50','Y',512300,'2021-06-09'); call next value for hibernate_sequence;
insert into account_transaction_detail (`id`,`account_number`,`is_deposit_operation`,`deposit_money`,`deposit_date`) values (151,'1000-01','Y',61400,'2019-02-22'); call next value for hibernate_sequence;
insert into account_transaction_detail (`id`,`account_number`,`is_deposit_operation`,`deposit_money`,`deposit_date`) values (152,'1000-02','Y',875700,'2020-11-21'); call next value for hibernate_sequence;
insert into account_transaction_detail (`id`,`account_number`,`is_deposit_operation`,`deposit_money`,`deposit_date`) values (153,'1000-03','N',656700,'2020-10-25'); call next value for hibernate_sequence;
insert into account_transaction_detail (`id`,`account_number`,`is_deposit_operation`,`deposit_money`,`deposit_date`) values (154,'1000-04','Y',527100,'2020-09-10'); call next value for hibernate_sequence;
insert into account_transaction_detail (`id`,`account_number`,`is_deposit_operation`,`deposit_money`,`deposit_date`) values (155,'1000-05','Y',37000,'2019-05-19'); call next value for hibernate_sequence;
insert into account_transaction_detail (`id`,`account_number`,`is_deposit_operation`,`deposit_money`,`deposit_date`) values (156,'1000-06','Y',1200,'2019-01-17'); call next value for hibernate_sequence;
insert into account_transaction_detail (`id`,`account_number`,`is_deposit_operation`,`deposit_money`,`deposit_date`) values (157,'1000-07','Y',497600,'2021-03-15'); call next value for hibernate_sequence;
insert into account_transaction_detail (`id`,`account_number`,`is_deposit_operation`,`deposit_money`,`deposit_date`) values (158,'1000-08','N',25600,'2021-05-21'); call next value for hibernate_sequence;
insert into account_transaction_detail (`id`,`account_number`,`is_deposit_operation`,`deposit_money`,`deposit_date`) values (159,'1000-09','Y',765300,'2021-03-27'); call next value for hibernate_sequence;
insert into account_transaction_detail (`id`,`account_number`,`is_deposit_operation`,`deposit_money`,`deposit_date`) values (160,'1000-10','N',821500,'2019-07-01'); call next value for hibernate_sequence;
insert into account_transaction_detail (`id`,`account_number`,`is_deposit_operation`,`deposit_money`,`deposit_date`) values (161,'1000-11','Y',931400,'2021-01-08'); call next value for hibernate_sequence;
insert into account_transaction_detail (`id`,`account_number`,`is_deposit_operation`,`deposit_money`,`deposit_date`) values (162,'1000-12','Y',355100,'2020-06-30'); call next value for hibernate_sequence;
insert into account_transaction_detail (`id`,`account_number`,`is_deposit_operation`,`deposit_money`,`deposit_date`) values (163,'1000-13','Y',524800,'2021-05-22'); call next value for hibernate_sequence;
insert into account_transaction_detail (`id`,`account_number`,`is_deposit_operation`,`deposit_money`,`deposit_date`) values (164,'1000-14','Y',888200,'2020-11-29'); call next value for hibernate_sequence;
insert into account_transaction_detail (`id`,`account_number`,`is_deposit_operation`,`deposit_money`,`deposit_date`) values (165,'1000-15','Y',837800,'2020-04-27'); call next value for hibernate_sequence;
insert into account_transaction_detail (`id`,`account_number`,`is_deposit_operation`,`deposit_money`,`deposit_date`) values (166,'1000-16','Y',179800,'2020-06-30'); call next value for hibernate_sequence;
insert into account_transaction_detail (`id`,`account_number`,`is_deposit_operation`,`deposit_money`,`deposit_date`) values (167,'1000-17','Y',106300,'2021-08-17'); call next value for hibernate_sequence;
insert into account_transaction_detail (`id`,`account_number`,`is_deposit_operation`,`deposit_money`,`deposit_date`) values (168,'1000-18','Y',134100,'2021-08-08'); call next value for hibernate_sequence;
insert into account_transaction_detail (`id`,`account_number`,`is_deposit_operation`,`deposit_money`,`deposit_date`) values (169,'1000-19','Y',326800,'2020-03-01'); call next value for hibernate_sequence;
insert into account_transaction_detail (`id`,`account_number`,`is_deposit_operation`,`deposit_money`,`deposit_date`) values (170,'1000-20','Y',135500,'2019-03-19'); call next value for hibernate_sequence;
insert into account_transaction_detail (`id`,`account_number`,`is_deposit_operation`,`deposit_money`,`deposit_date`) values (171,'1000-21','Y',898900,'2019-04-07'); call next value for hibernate_sequence;
insert into account_transaction_detail (`id`,`account_number`,`is_deposit_operation`,`deposit_money`,`deposit_date`) values (172,'1000-22','N',446200,'2019-04-18'); call next value for hibernate_sequence;
insert into account_transaction_detail (`id`,`account_number`,`is_deposit_operation`,`deposit_money`,`deposit_date`) values (173,'1000-23','Y',742500,'2020-05-16'); call next value for hibernate_sequence;
insert into account_transaction_detail (`id`,`account_number`,`is_deposit_operation`,`deposit_money`,`deposit_date`) values (174,'1000-24','Y',45600,'2019-12-08'); call next value for hibernate_sequence;
insert into account_transaction_detail (`id`,`account_number`,`is_deposit_operation`,`deposit_money`,`deposit_date`) values (175,'1000-25','N',48200,'2020-01-25'); call next value for hibernate_sequence;
insert into account_transaction_detail (`id`,`account_number`,`is_deposit_operation`,`deposit_money`,`deposit_date`) values (176,'1000-26','N',252400,'2019-06-18'); call next value for hibernate_sequence;
insert into account_transaction_detail (`id`,`account_number`,`is_deposit_operation`,`deposit_money`,`deposit_date`) values (177,'1000-27','N',774200,'2019-10-28'); call next value for hibernate_sequence;
insert into account_transaction_detail (`id`,`account_number`,`is_deposit_operation`,`deposit_money`,`deposit_date`) values (178,'1000-28','N',411000,'2019-08-24'); call next value for hibernate_sequence;
insert into account_transaction_detail (`id`,`account_number`,`is_deposit_operation`,`deposit_money`,`deposit_date`) values (179,'1000-29','N',866500,'2019-03-07'); call next value for hibernate_sequence;
insert into account_transaction_detail (`id`,`account_number`,`is_deposit_operation`,`deposit_money`,`deposit_date`) values (180,'1000-30','Y',188900,'2019-04-02'); call next value for hibernate_sequence;
insert into account_transaction_detail (`id`,`account_number`,`is_deposit_operation`,`deposit_money`,`deposit_date`) values (181,'1000-31','N',88700,'2021-05-26'); call next value for hibernate_sequence;
insert into account_transaction_detail (`id`,`account_number`,`is_deposit_operation`,`deposit_money`,`deposit_date`) values (182,'1000-32','Y',66500,'2020-07-26'); call next value for hibernate_sequence;
insert into account_transaction_detail (`id`,`account_number`,`is_deposit_operation`,`deposit_money`,`deposit_date`) values (183,'1000-33','N',769100,'2020-02-10'); call next value for hibernate_sequence;
insert into account_transaction_detail (`id`,`account_number`,`is_deposit_operation`,`deposit_money`,`deposit_date`) values (184,'1000-34','N',525500,'2021-06-27'); call next value for hibernate_sequence;
insert into account_transaction_detail (`id`,`account_number`,`is_deposit_operation`,`deposit_money`,`deposit_date`) values (185,'1000-35','Y',941100,'2020-05-29'); call next value for hibernate_sequence;
insert into account_transaction_detail (`id`,`account_number`,`is_deposit_operation`,`deposit_money`,`deposit_date`) values (186,'1000-36','N',858300,'2021-09-24'); call next value for hibernate_sequence;
insert into account_transaction_detail (`id`,`account_number`,`is_deposit_operation`,`deposit_money`,`deposit_date`) values (187,'1000-37','Y',612400,'2019-01-06'); call next value for hibernate_sequence;
insert into account_transaction_detail (`id`,`account_number`,`is_deposit_operation`,`deposit_money`,`deposit_date`) values (188,'1000-38','N',34400,'2019-12-30'); call next value for hibernate_sequence;
insert into account_transaction_detail (`id`,`account_number`,`is_deposit_operation`,`deposit_money`,`deposit_date`) values (189,'1000-39','N',923800,'2019-01-12'); call next value for hibernate_sequence;
insert into account_transaction_detail (`id`,`account_number`,`is_deposit_operation`,`deposit_money`,`deposit_date`) values (190,'1000-40','Y',891500,'2020-03-28'); call next value for hibernate_sequence;
insert into account_transaction_detail (`id`,`account_number`,`is_deposit_operation`,`deposit_money`,`deposit_date`) values (191,'1000-41','Y',108200,'2021-08-24'); call next value for hibernate_sequence;
insert into account_transaction_detail (`id`,`account_number`,`is_deposit_operation`,`deposit_money`,`deposit_date`) values (192,'1000-42','Y',103100,'2020-08-20'); call next value for hibernate_sequence;
insert into account_transaction_detail (`id`,`account_number`,`is_deposit_operation`,`deposit_money`,`deposit_date`) values (193,'1000-43','N',38700,'2020-12-17'); call next value for hibernate_sequence;
insert into account_transaction_detail (`id`,`account_number`,`is_deposit_operation`,`deposit_money`,`deposit_date`) values (194,'1000-44','N',209700,'2019-04-02'); call next value for hibernate_sequence;
insert into account_transaction_detail (`id`,`account_number`,`is_deposit_operation`,`deposit_money`,`deposit_date`) values (195,'1000-45','Y',378900,'2021-07-09'); call next value for hibernate_sequence;
insert into account_transaction_detail (`id`,`account_number`,`is_deposit_operation`,`deposit_money`,`deposit_date`) values (196,'1000-46','N',914500,'2019-02-24'); call next value for hibernate_sequence;
insert into account_transaction_detail (`id`,`account_number`,`is_deposit_operation`,`deposit_money`,`deposit_date`) values (197,'1000-47','N',615800,'2020-10-08'); call next value for hibernate_sequence;
insert into account_transaction_detail (`id`,`account_number`,`is_deposit_operation`,`deposit_money`,`deposit_date`) values (198,'1000-48','Y',308500,'2019-09-28'); call next value for hibernate_sequence;
insert into account_transaction_detail (`id`,`account_number`,`is_deposit_operation`,`deposit_money`,`deposit_date`) values (199,'1000-49','Y',941700,'2020-08-24'); call next value for hibernate_sequence;
insert into account_transaction_detail (`id`,`account_number`,`is_deposit_operation`,`deposit_money`,`deposit_date`) values (200,'1000-50','N',386300,'2019-08-08'); call next value for hibernate_sequence;
insert into account_transaction_detail (`id`,`account_number`,`is_deposit_operation`,`deposit_money`,`deposit_date`) values (201,'1000-01','Y',656500,'2020-02-11'); call next value for hibernate_sequence;
insert into account_transaction_detail (`id`,`account_number`,`is_deposit_operation`,`deposit_money`,`deposit_date`) values (202,'1000-02','Y',895800,'2019-03-03'); call next value for hibernate_sequence;
insert into account_transaction_detail (`id`,`account_number`,`is_deposit_operation`,`deposit_money`,`deposit_date`) values (203,'1000-03','Y',872800,'2020-12-04'); call next value for hibernate_sequence;
insert into account_transaction_detail (`id`,`account_number`,`is_deposit_operation`,`deposit_money`,`deposit_date`) values (204,'1000-04','Y',948900,'2020-09-10'); call next value for hibernate_sequence;
insert into account_transaction_detail (`id`,`account_number`,`is_deposit_operation`,`deposit_money`,`deposit_date`) values (205,'1000-05','N',938400,'2020-08-27'); call next value for hibernate_sequence;
insert into account_transaction_detail (`id`,`account_number`,`is_deposit_operation`,`deposit_money`,`deposit_date`) values (206,'1000-06','Y',589000,'2020-07-19'); call next value for hibernate_sequence;
insert into account_transaction_detail (`id`,`account_number`,`is_deposit_operation`,`deposit_money`,`deposit_date`) values (207,'1000-07','N',774600,'2019-10-10'); call next value for hibernate_sequence;
insert into account_transaction_detail (`id`,`account_number`,`is_deposit_operation`,`deposit_money`,`deposit_date`) values (208,'1000-08','N',134900,'2019-03-30'); call next value for hibernate_sequence;
insert into account_transaction_detail (`id`,`account_number`,`is_deposit_operation`,`deposit_money`,`deposit_date`) values (209,'1000-09','Y',671800,'2021-03-25'); call next value for hibernate_sequence;
insert into account_transaction_detail (`id`,`account_number`,`is_deposit_operation`,`deposit_money`,`deposit_date`) values (210,'1000-10','N',617500,'2019-04-30'); call next value for hibernate_sequence;
insert into account_transaction_detail (`id`,`account_number`,`is_deposit_operation`,`deposit_money`,`deposit_date`) values (211,'1000-11','Y',545400,'2020-02-20'); call next value for hibernate_sequence;
insert into account_transaction_detail (`id`,`account_number`,`is_deposit_operation`,`deposit_money`,`deposit_date`) values (212,'1000-12','N',815400,'2020-03-18'); call next value for hibernate_sequence;
insert into account_transaction_detail (`id`,`account_number`,`is_deposit_operation`,`deposit_money`,`deposit_date`) values (213,'1000-13','N',207700,'2019-12-18'); call next value for hibernate_sequence;
insert into account_transaction_detail (`id`,`account_number`,`is_deposit_operation`,`deposit_money`,`deposit_date`) values (214,'1000-14','N',807100,'2019-05-03'); call next value for hibernate_sequence;
insert into account_transaction_detail (`id`,`account_number`,`is_deposit_operation`,`deposit_money`,`deposit_date`) values (215,'1000-15','N',194000,'2020-12-03'); call next value for hibernate_sequence;
insert into account_transaction_detail (`id`,`account_number`,`is_deposit_operation`,`deposit_money`,`deposit_date`) values (216,'1000-16','Y',472400,'2019-06-03'); call next value for hibernate_sequence;
insert into account_transaction_detail (`id`,`account_number`,`is_deposit_operation`,`deposit_money`,`deposit_date`) values (217,'1000-17','N',492200,'2019-01-23'); call next value for hibernate_sequence;
insert into account_transaction_detail (`id`,`account_number`,`is_deposit_operation`,`deposit_money`,`deposit_date`) values (218,'1000-18','Y',965400,'2020-09-27'); call next value for hibernate_sequence;
insert into account_transaction_detail (`id`,`account_number`,`is_deposit_operation`,`deposit_money`,`deposit_date`) values (219,'1000-19','Y',904000,'2020-12-07'); call next value for hibernate_sequence;
insert into account_transaction_detail (`id`,`account_number`,`is_deposit_operation`,`deposit_money`,`deposit_date`) values (220,'1000-20','Y',751100,'2021-08-30'); call next value for hibernate_sequence;
insert into account_transaction_detail (`id`,`account_number`,`is_deposit_operation`,`deposit_money`,`deposit_date`) values (221,'1000-21','Y',840900,'2019-03-31'); call next value for hibernate_sequence;
insert into account_transaction_detail (`id`,`account_number`,`is_deposit_operation`,`deposit_money`,`deposit_date`) values (222,'1000-22','Y',881300,'2019-09-10'); call next value for hibernate_sequence;
insert into account_transaction_detail (`id`,`account_number`,`is_deposit_operation`,`deposit_money`,`deposit_date`) values (223,'1000-23','Y',907400,'2021-02-25'); call next value for hibernate_sequence;
insert into account_transaction_detail (`id`,`account_number`,`is_deposit_operation`,`deposit_money`,`deposit_date`) values (224,'1000-24','Y',588000,'2019-08-08'); call next value for hibernate_sequence;
insert into account_transaction_detail (`id`,`account_number`,`is_deposit_operation`,`deposit_money`,`deposit_date`) values (225,'1000-25','N',171900,'2019-02-04'); call next value for hibernate_sequence;
insert into account_transaction_detail (`id`,`account_number`,`is_deposit_operation`,`deposit_money`,`deposit_date`) values (226,'1000-26','Y',107900,'2019-08-28'); call next value for hibernate_sequence;
insert into account_transaction_detail (`id`,`account_number`,`is_deposit_operation`,`deposit_money`,`deposit_date`) values (227,'1000-27','N',251800,'2020-01-21'); call next value for hibernate_sequence;
insert into account_transaction_detail (`id`,`account_number`,`is_deposit_operation`,`deposit_money`,`deposit_date`) values (228,'1000-28','Y',920000,'2020-07-06'); call next value for hibernate_sequence;
insert into account_transaction_detail (`id`,`account_number`,`is_deposit_operation`,`deposit_money`,`deposit_date`) values (229,'1000-29','N',565800,'2020-02-13'); call next value for hibernate_sequence;
insert into account_transaction_detail (`id`,`account_number`,`is_deposit_operation`,`deposit_money`,`deposit_date`) values (230,'1000-30','Y',169200,'2019-03-17'); call next value for hibernate_sequence;
insert into account_transaction_detail (`id`,`account_number`,`is_deposit_operation`,`deposit_money`,`deposit_date`) values (231,'1000-31','Y',444000,'2020-07-31'); call next value for hibernate_sequence;
insert into account_transaction_detail (`id`,`account_number`,`is_deposit_operation`,`deposit_money`,`deposit_date`) values (232,'1000-32','Y',341500,'2020-10-14'); call next value for hibernate_sequence;
insert into account_transaction_detail (`id`,`account_number`,`is_deposit_operation`,`deposit_money`,`deposit_date`) values (233,'1000-33','Y',140000,'2020-01-10'); call next value for hibernate_sequence;
insert into account_transaction_detail (`id`,`account_number`,`is_deposit_operation`,`deposit_money`,`deposit_date`) values (234,'1000-34','Y',74200,'2020-03-14'); call next value for hibernate_sequence;
insert into account_transaction_detail (`id`,`account_number`,`is_deposit_operation`,`deposit_money`,`deposit_date`) values (235,'1000-35','N',213300,'2019-11-06'); call next value for hibernate_sequence;
insert into account_transaction_detail (`id`,`account_number`,`is_deposit_operation`,`deposit_money`,`deposit_date`) values (236,'1000-36','Y',874100,'2019-07-15'); call next value for hibernate_sequence;
insert into account_transaction_detail (`id`,`account_number`,`is_deposit_operation`,`deposit_money`,`deposit_date`) values (237,'1000-37','Y',719500,'2020-03-16'); call next value for hibernate_sequence;
insert into account_transaction_detail (`id`,`account_number`,`is_deposit_operation`,`deposit_money`,`deposit_date`) values (238,'1000-38','Y',761400,'2019-02-02'); call next value for hibernate_sequence;
insert into account_transaction_detail (`id`,`account_number`,`is_deposit_operation`,`deposit_money`,`deposit_date`) values (239,'1000-39','Y',532100,'2021-05-01'); call next value for hibernate_sequence;
insert into account_transaction_detail (`id`,`account_number`,`is_deposit_operation`,`deposit_money`,`deposit_date`) values (240,'1000-40','N',448100,'2020-05-22'); call next value for hibernate_sequence;
insert into account_transaction_detail (`id`,`account_number`,`is_deposit_operation`,`deposit_money`,`deposit_date`) values (241,'1000-41','N',4400,'2021-01-01'); call next value for hibernate_sequence;
insert into account_transaction_detail (`id`,`account_number`,`is_deposit_operation`,`deposit_money`,`deposit_date`) values (242,'1000-42','Y',588300,'2019-03-03'); call next value for hibernate_sequence;
insert into account_transaction_detail (`id`,`account_number`,`is_deposit_operation`,`deposit_money`,`deposit_date`) values (243,'1000-43','Y',928100,'2020-03-12'); call next value for hibernate_sequence;
insert into account_transaction_detail (`id`,`account_number`,`is_deposit_operation`,`deposit_money`,`deposit_date`) values (244,'1000-44','N',871000,'2020-05-17'); call next value for hibernate_sequence;
insert into account_transaction_detail (`id`,`account_number`,`is_deposit_operation`,`deposit_money`,`deposit_date`) values (245,'1000-45','Y',673300,'2020-01-13'); call next value for hibernate_sequence;
insert into account_transaction_detail (`id`,`account_number`,`is_deposit_operation`,`deposit_money`,`deposit_date`) values (246,'1000-46','Y',294300,'2019-04-05'); call next value for hibernate_sequence;
insert into account_transaction_detail (`id`,`account_number`,`is_deposit_operation`,`deposit_money`,`deposit_date`) values (247,'1000-47','N',454000,'2020-11-06'); call next value for hibernate_sequence;
insert into account_transaction_detail (`id`,`account_number`,`is_deposit_operation`,`deposit_money`,`deposit_date`) values (248,'1000-48','N',312500,'2021-01-18'); call next value for hibernate_sequence;
insert into account_transaction_detail (`id`,`account_number`,`is_deposit_operation`,`deposit_money`,`deposit_date`) values (249,'1000-49','Y',575800,'2021-07-28'); call next value for hibernate_sequence;
insert into account_transaction_detail (`id`,`account_number`,`is_deposit_operation`,`deposit_money`,`deposit_date`) values (250,'1000-50','Y',79400,'2021-07-31'); call next value for hibernate_sequence;
insert into account_transaction_detail (`id`,`account_number`,`is_deposit_operation`,`deposit_money`,`deposit_date`) values (251,'1000-01','Y',867900,'2020-06-27'); call next value for hibernate_sequence;
insert into account_transaction_detail (`id`,`account_number`,`is_deposit_operation`,`deposit_money`,`deposit_date`) values (252,'1000-02','Y',490200,'2021-08-29'); call next value for hibernate_sequence;
insert into account_transaction_detail (`id`,`account_number`,`is_deposit_operation`,`deposit_money`,`deposit_date`) values (253,'1000-03','N',794100,'2019-12-30'); call next value for hibernate_sequence;
insert into account_transaction_detail (`id`,`account_number`,`is_deposit_operation`,`deposit_money`,`deposit_date`) values (254,'1000-04','Y',338400,'2020-05-21'); call next value for hibernate_sequence;
insert into account_transaction_detail (`id`,`account_number`,`is_deposit_operation`,`deposit_money`,`deposit_date`) values (255,'1000-05','Y',250300,'2020-10-21'); call next value for hibernate_sequence;
insert into account_transaction_detail (`id`,`account_number`,`is_deposit_operation`,`deposit_money`,`deposit_date`) values (256,'1000-06','Y',259800,'2021-04-25'); call next value for hibernate_sequence;
insert into account_transaction_detail (`id`,`account_number`,`is_deposit_operation`,`deposit_money`,`deposit_date`) values (257,'1000-07','Y',300100,'2020-03-11'); call next value for hibernate_sequence;
insert into account_transaction_detail (`id`,`account_number`,`is_deposit_operation`,`deposit_money`,`deposit_date`) values (258,'1000-08','N',613400,'2019-05-16'); call next value for hibernate_sequence;
insert into account_transaction_detail (`id`,`account_number`,`is_deposit_operation`,`deposit_money`,`deposit_date`) values (259,'1000-09','Y',615700,'2020-12-19'); call next value for hibernate_sequence;
insert into account_transaction_detail (`id`,`account_number`,`is_deposit_operation`,`deposit_money`,`deposit_date`) values (260,'1000-10','N',594600,'2020-07-10'); call next value for hibernate_sequence;
insert into account_transaction_detail (`id`,`account_number`,`is_deposit_operation`,`deposit_money`,`deposit_date`) values (261,'1000-11','N',829800,'2020-04-09'); call next value for hibernate_sequence;
insert into account_transaction_detail (`id`,`account_number`,`is_deposit_operation`,`deposit_money`,`deposit_date`) values (262,'1000-12','N',975800,'2021-04-02'); call next value for hibernate_sequence;
insert into account_transaction_detail (`id`,`account_number`,`is_deposit_operation`,`deposit_money`,`deposit_date`) values (263,'1000-13','N',952900,'2021-03-31'); call next value for hibernate_sequence;
insert into account_transaction_detail (`id`,`account_number`,`is_deposit_operation`,`deposit_money`,`deposit_date`) values (264,'1000-14','N',342800,'2019-09-19'); call next value for hibernate_sequence;
insert into account_transaction_detail (`id`,`account_number`,`is_deposit_operation`,`deposit_money`,`deposit_date`) values (265,'1000-15','Y',790200,'2020-03-30'); call next value for hibernate_sequence;
insert into account_transaction_detail (`id`,`account_number`,`is_deposit_operation`,`deposit_money`,`deposit_date`) values (266,'1000-16','Y',17700,'2019-04-03'); call next value for hibernate_sequence;
insert into account_transaction_detail (`id`,`account_number`,`is_deposit_operation`,`deposit_money`,`deposit_date`) values (267,'1000-17','Y',665500,'2020-03-07'); call next value for hibernate_sequence;
insert into account_transaction_detail (`id`,`account_number`,`is_deposit_operation`,`deposit_money`,`deposit_date`) values (268,'1000-18','Y',735700,'2020-12-18'); call next value for hibernate_sequence;
insert into account_transaction_detail (`id`,`account_number`,`is_deposit_operation`,`deposit_money`,`deposit_date`) values (269,'1000-19','Y',424900,'2020-08-18'); call next value for hibernate_sequence;
insert into account_transaction_detail (`id`,`account_number`,`is_deposit_operation`,`deposit_money`,`deposit_date`) values (270,'1000-20','Y',544300,'2020-05-04'); call next value for hibernate_sequence;
insert into account_transaction_detail (`id`,`account_number`,`is_deposit_operation`,`deposit_money`,`deposit_date`) values (271,'1000-21','Y',610700,'2020-10-02'); call next value for hibernate_sequence;
insert into account_transaction_detail (`id`,`account_number`,`is_deposit_operation`,`deposit_money`,`deposit_date`) values (272,'1000-22','Y',613800,'2019-05-05'); call next value for hibernate_sequence;
insert into account_transaction_detail (`id`,`account_number`,`is_deposit_operation`,`deposit_money`,`deposit_date`) values (273,'1000-23','Y',654500,'2019-10-21'); call next value for hibernate_sequence;
insert into account_transaction_detail (`id`,`account_number`,`is_deposit_operation`,`deposit_money`,`deposit_date`) values (274,'1000-24','Y',892500,'2021-09-14'); call next value for hibernate_sequence;
insert into account_transaction_detail (`id`,`account_number`,`is_deposit_operation`,`deposit_money`,`deposit_date`) values (275,'1000-25','Y',480900,'2020-03-01'); call next value for hibernate_sequence;
insert into account_transaction_detail (`id`,`account_number`,`is_deposit_operation`,`deposit_money`,`deposit_date`) values (276,'1000-26','Y',218600,'2020-04-26'); call next value for hibernate_sequence;
insert into account_transaction_detail (`id`,`account_number`,`is_deposit_operation`,`deposit_money`,`deposit_date`) values (277,'1000-27','Y',763100,'2021-03-31'); call next value for hibernate_sequence;
insert into account_transaction_detail (`id`,`account_number`,`is_deposit_operation`,`deposit_money`,`deposit_date`) values (278,'1000-28','Y',767700,'2020-06-10'); call next value for hibernate_sequence;
insert into account_transaction_detail (`id`,`account_number`,`is_deposit_operation`,`deposit_money`,`deposit_date`) values (279,'1000-29','Y',246300,'2019-05-16'); call next value for hibernate_sequence;
insert into account_transaction_detail (`id`,`account_number`,`is_deposit_operation`,`deposit_money`,`deposit_date`) values (280,'1000-30','Y',119100,'2019-09-28'); call next value for hibernate_sequence;
insert into account_transaction_detail (`id`,`account_number`,`is_deposit_operation`,`deposit_money`,`deposit_date`) values (281,'1000-31','Y',488200,'2020-06-09'); call next value for hibernate_sequence;
insert into account_transaction_detail (`id`,`account_number`,`is_deposit_operation`,`deposit_money`,`deposit_date`) values (282,'1000-32','N',497900,'2021-05-05'); call next value for hibernate_sequence;
insert into account_transaction_detail (`id`,`account_number`,`is_deposit_operation`,`deposit_money`,`deposit_date`) values (283,'1000-33','Y',449000,'2019-09-29'); call next value for hibernate_sequence;
insert into account_transaction_detail (`id`,`account_number`,`is_deposit_operation`,`deposit_money`,`deposit_date`) values (284,'1000-34','N',548300,'2020-08-26'); call next value for hibernate_sequence;
insert into account_transaction_detail (`id`,`account_number`,`is_deposit_operation`,`deposit_money`,`deposit_date`) values (285,'1000-35','Y',136200,'2021-05-23'); call next value for hibernate_sequence;
insert into account_transaction_detail (`id`,`account_number`,`is_deposit_operation`,`deposit_money`,`deposit_date`) values (286,'1000-36','Y',883900,'2019-09-01'); call next value for hibernate_sequence;
insert into account_transaction_detail (`id`,`account_number`,`is_deposit_operation`,`deposit_money`,`deposit_date`) values (287,'1000-37','N',225800,'2019-04-23'); call next value for hibernate_sequence;
insert into account_transaction_detail (`id`,`account_number`,`is_deposit_operation`,`deposit_money`,`deposit_date`) values (288,'1000-38','N',143500,'2019-03-01'); call next value for hibernate_sequence;
insert into account_transaction_detail (`id`,`account_number`,`is_deposit_operation`,`deposit_money`,`deposit_date`) values (289,'1000-39','N',497500,'2021-05-27'); call next value for hibernate_sequence;
insert into account_transaction_detail (`id`,`account_number`,`is_deposit_operation`,`deposit_money`,`deposit_date`) values (290,'1000-40','Y',208200,'2021-01-27'); call next value for hibernate_sequence;
insert into account_transaction_detail (`id`,`account_number`,`is_deposit_operation`,`deposit_money`,`deposit_date`) values (291,'1000-41','Y',580400,'2021-04-27'); call next value for hibernate_sequence;
insert into account_transaction_detail (`id`,`account_number`,`is_deposit_operation`,`deposit_money`,`deposit_date`) values (292,'1000-42','N',490200,'2021-01-22'); call next value for hibernate_sequence;
insert into account_transaction_detail (`id`,`account_number`,`is_deposit_operation`,`deposit_money`,`deposit_date`) values (293,'1000-43','N',474800,'2021-05-04'); call next value for hibernate_sequence;
insert into account_transaction_detail (`id`,`account_number`,`is_deposit_operation`,`deposit_money`,`deposit_date`) values (294,'1000-44','N',246400,'2020-06-22'); call next value for hibernate_sequence;
insert into account_transaction_detail (`id`,`account_number`,`is_deposit_operation`,`deposit_money`,`deposit_date`) values (295,'1000-45','N',966600,'2019-12-03'); call next value for hibernate_sequence;
insert into account_transaction_detail (`id`,`account_number`,`is_deposit_operation`,`deposit_money`,`deposit_date`) values (296,'1000-46','Y',101800,'2020-07-10'); call next value for hibernate_sequence;
insert into account_transaction_detail (`id`,`account_number`,`is_deposit_operation`,`deposit_money`,`deposit_date`) values (297,'1000-47','Y',7900,'2019-12-06'); call next value for hibernate_sequence;
insert into account_transaction_detail (`id`,`account_number`,`is_deposit_operation`,`deposit_money`,`deposit_date`) values (298,'1000-48','Y',704800,'2019-04-12'); call next value for hibernate_sequence;
insert into account_transaction_detail (`id`,`account_number`,`is_deposit_operation`,`deposit_money`,`deposit_date`) values (299,'1000-49','N',18000,'2021-03-30'); call next value for hibernate_sequence;
insert into account_transaction_detail (`id`,`account_number`,`is_deposit_operation`,`deposit_money`,`deposit_date`) values (300,'1000-50','Y',737200,'2019-01-06'); call next value for hibernate_sequence;
insert into account_transaction_detail (`id`,`account_number`,`is_deposit_operation`,`deposit_money`,`deposit_date`) values (301,'1000-01','Y',63700,'2021-03-12'); call next value for hibernate_sequence;
insert into account_transaction_detail (`id`,`account_number`,`is_deposit_operation`,`deposit_money`,`deposit_date`) values (302,'1000-02','N',636800,'2019-01-18'); call next value for hibernate_sequence;
insert into account_transaction_detail (`id`,`account_number`,`is_deposit_operation`,`deposit_money`,`deposit_date`) values (303,'1000-03','Y',294600,'2019-11-22'); call next value for hibernate_sequence;
insert into account_transaction_detail (`id`,`account_number`,`is_deposit_operation`,`deposit_money`,`deposit_date`) values (304,'1000-04','Y',78200,'2021-01-21'); call next value for hibernate_sequence;
insert into account_transaction_detail (`id`,`account_number`,`is_deposit_operation`,`deposit_money`,`deposit_date`) values (305,'1000-05','Y',235700,'2019-06-13'); call next value for hibernate_sequence;
insert into account_transaction_detail (`id`,`account_number`,`is_deposit_operation`,`deposit_money`,`deposit_date`) values (306,'1000-06','N',151700,'2021-06-29'); call next value for hibernate_sequence;
insert into account_transaction_detail (`id`,`account_number`,`is_deposit_operation`,`deposit_money`,`deposit_date`) values (307,'1000-07','Y',49200,'2020-03-19'); call next value for hibernate_sequence;
insert into account_transaction_detail (`id`,`account_number`,`is_deposit_operation`,`deposit_money`,`deposit_date`) values (308,'1000-08','Y',268400,'2020-06-05'); call next value for hibernate_sequence;
insert into account_transaction_detail (`id`,`account_number`,`is_deposit_operation`,`deposit_money`,`deposit_date`) values (309,'1000-09','N',458300,'2019-02-25'); call next value for hibernate_sequence;
insert into account_transaction_detail (`id`,`account_number`,`is_deposit_operation`,`deposit_money`,`deposit_date`) values (310,'1000-10','N',282500,'2021-03-15'); call next value for hibernate_sequence;
insert into account_transaction_detail (`id`,`account_number`,`is_deposit_operation`,`deposit_money`,`deposit_date`) values (311,'1000-11','Y',573400,'2021-07-10'); call next value for hibernate_sequence;
insert into account_transaction_detail (`id`,`account_number`,`is_deposit_operation`,`deposit_money`,`deposit_date`) values (312,'1000-12','N',474400,'2020-08-17'); call next value for hibernate_sequence;
insert into account_transaction_detail (`id`,`account_number`,`is_deposit_operation`,`deposit_money`,`deposit_date`) values (313,'1000-13','N',123900,'2019-09-01'); call next value for hibernate_sequence;
insert into account_transaction_detail (`id`,`account_number`,`is_deposit_operation`,`deposit_money`,`deposit_date`) values (314,'1000-14','Y',306700,'2019-08-28'); call next value for hibernate_sequence;
insert into account_transaction_detail (`id`,`account_number`,`is_deposit_operation`,`deposit_money`,`deposit_date`) values (315,'1000-15','Y',909400,'2021-03-28'); call next value for hibernate_sequence;
insert into account_transaction_detail (`id`,`account_number`,`is_deposit_operation`,`deposit_money`,`deposit_date`) values (316,'1000-16','Y',353600,'2020-10-10'); call next value for hibernate_sequence;
insert into account_transaction_detail (`id`,`account_number`,`is_deposit_operation`,`deposit_money`,`deposit_date`) values (317,'1000-17','Y',339900,'2020-01-07'); call next value for hibernate_sequence;
insert into account_transaction_detail (`id`,`account_number`,`is_deposit_operation`,`deposit_money`,`deposit_date`) values (318,'1000-18','N',226200,'2019-01-24'); call next value for hibernate_sequence;
insert into account_transaction_detail (`id`,`account_number`,`is_deposit_operation`,`deposit_money`,`deposit_date`) values (319,'1000-19','Y',925300,'2019-01-31'); call next value for hibernate_sequence;
insert into account_transaction_detail (`id`,`account_number`,`is_deposit_operation`,`deposit_money`,`deposit_date`) values (320,'1000-20','Y',469600,'2020-07-03'); call next value for hibernate_sequence;
insert into account_transaction_detail (`id`,`account_number`,`is_deposit_operation`,`deposit_money`,`deposit_date`) values (321,'1000-21','N',414000,'2019-12-25'); call next value for hibernate_sequence;
insert into account_transaction_detail (`id`,`account_number`,`is_deposit_operation`,`deposit_money`,`deposit_date`) values (322,'1000-22','N',47800,'2020-01-15'); call next value for hibernate_sequence;
insert into account_transaction_detail (`id`,`account_number`,`is_deposit_operation`,`deposit_money`,`deposit_date`) values (323,'1000-23','Y',987600,'2021-03-06'); call next value for hibernate_sequence;
insert into account_transaction_detail (`id`,`account_number`,`is_deposit_operation`,`deposit_money`,`deposit_date`) values (324,'1000-24','N',487500,'2020-01-18'); call next value for hibernate_sequence;
insert into account_transaction_detail (`id`,`account_number`,`is_deposit_operation`,`deposit_money`,`deposit_date`) values (325,'1000-25','Y',93400,'2021-07-29'); call next value for hibernate_sequence;
insert into account_transaction_detail (`id`,`account_number`,`is_deposit_operation`,`deposit_money`,`deposit_date`) values (326,'1000-26','Y',723300,'2020-06-27'); call next value for hibernate_sequence;
insert into account_transaction_detail (`id`,`account_number`,`is_deposit_operation`,`deposit_money`,`deposit_date`) values (327,'1000-27','Y',301800,'2021-04-16'); call next value for hibernate_sequence;
insert into account_transaction_detail (`id`,`account_number`,`is_deposit_operation`,`deposit_money`,`deposit_date`) values (328,'1000-28','Y',650900,'2021-06-19'); call next value for hibernate_sequence;
insert into account_transaction_detail (`id`,`account_number`,`is_deposit_operation`,`deposit_money`,`deposit_date`) values (329,'1000-29','Y',546200,'2019-07-27'); call next value for hibernate_sequence;
insert into account_transaction_detail (`id`,`account_number`,`is_deposit_operation`,`deposit_money`,`deposit_date`) values (330,'1000-30','N',239600,'2019-06-17'); call next value for hibernate_sequence;
insert into account_transaction_detail (`id`,`account_number`,`is_deposit_operation`,`deposit_money`,`deposit_date`) values (331,'1000-31','Y',382400,'2021-04-17'); call next value for hibernate_sequence;
insert into account_transaction_detail (`id`,`account_number`,`is_deposit_operation`,`deposit_money`,`deposit_date`) values (332,'1000-32','N',187200,'2021-02-07'); call next value for hibernate_sequence;
insert into account_transaction_detail (`id`,`account_number`,`is_deposit_operation`,`deposit_money`,`deposit_date`) values (333,'1000-33','Y',620500,'2020-10-17'); call next value for hibernate_sequence;
insert into account_transaction_detail (`id`,`account_number`,`is_deposit_operation`,`deposit_money`,`deposit_date`) values (334,'1000-34','Y',478100,'2020-01-31'); call next value for hibernate_sequence;
insert into account_transaction_detail (`id`,`account_number`,`is_deposit_operation`,`deposit_money`,`deposit_date`) values (335,'1000-35','Y',936400,'2019-04-21'); call next value for hibernate_sequence;
insert into account_transaction_detail (`id`,`account_number`,`is_deposit_operation`,`deposit_money`,`deposit_date`) values (336,'1000-36','N',54900,'2019-12-13'); call next value for hibernate_sequence;
insert into account_transaction_detail (`id`,`account_number`,`is_deposit_operation`,`deposit_money`,`deposit_date`) values (337,'1000-37','Y',613900,'2021-05-12'); call next value for hibernate_sequence;
insert into account_transaction_detail (`id`,`account_number`,`is_deposit_operation`,`deposit_money`,`deposit_date`) values (338,'1000-38','Y',463600,'2020-11-27'); call next value for hibernate_sequence;
insert into account_transaction_detail (`id`,`account_number`,`is_deposit_operation`,`deposit_money`,`deposit_date`) values (339,'1000-39','Y',433000,'2019-07-08'); call next value for hibernate_sequence;
insert into account_transaction_detail (`id`,`account_number`,`is_deposit_operation`,`deposit_money`,`deposit_date`) values (340,'1000-40','N',21300,'2020-11-11'); call next value for hibernate_sequence;
insert into account_transaction_detail (`id`,`account_number`,`is_deposit_operation`,`deposit_money`,`deposit_date`) values (341,'1000-41','Y',765900,'2019-12-13'); call next value for hibernate_sequence;
insert into account_transaction_detail (`id`,`account_number`,`is_deposit_operation`,`deposit_money`,`deposit_date`) values (342,'1000-42','Y',650800,'2020-04-19'); call next value for hibernate_sequence;
insert into account_transaction_detail (`id`,`account_number`,`is_deposit_operation`,`deposit_money`,`deposit_date`) values (343,'1000-43','Y',480600,'2020-05-03'); call next value for hibernate_sequence;
insert into account_transaction_detail (`id`,`account_number`,`is_deposit_operation`,`deposit_money`,`deposit_date`) values (344,'1000-44','Y',289600,'2020-11-02'); call next value for hibernate_sequence;
insert into account_transaction_detail (`id`,`account_number`,`is_deposit_operation`,`deposit_money`,`deposit_date`) values (345,'1000-45','N',245600,'2020-03-14'); call next value for hibernate_sequence;
insert into account_transaction_detail (`id`,`account_number`,`is_deposit_operation`,`deposit_money`,`deposit_date`) values (346,'1000-46','Y',662000,'2019-04-29'); call next value for hibernate_sequence;
insert into account_transaction_detail (`id`,`account_number`,`is_deposit_operation`,`deposit_money`,`deposit_date`) values (347,'1000-47','N',491700,'2020-09-15'); call next value for hibernate_sequence;
insert into account_transaction_detail (`id`,`account_number`,`is_deposit_operation`,`deposit_money`,`deposit_date`) values (348,'1000-48','N',281200,'2020-04-26'); call next value for hibernate_sequence;
insert into account_transaction_detail (`id`,`account_number`,`is_deposit_operation`,`deposit_money`,`deposit_date`) values (349,'1000-49','N',206200,'2021-08-13'); call next value for hibernate_sequence;
insert into account_transaction_detail (`id`,`account_number`,`is_deposit_operation`,`deposit_money`,`deposit_date`) values (350,'1000-50','N',952900,'2020-06-10'); call next value for hibernate_sequence;
insert into account_transaction_detail (`id`,`account_number`,`is_deposit_operation`,`deposit_money`,`deposit_date`) values (351,'1000-01','N',626000,'2021-07-28'); call next value for hibernate_sequence;
insert into account_transaction_detail (`id`,`account_number`,`is_deposit_operation`,`deposit_money`,`deposit_date`) values (352,'1000-02','Y',310000,'2019-09-04'); call next value for hibernate_sequence;
insert into account_transaction_detail (`id`,`account_number`,`is_deposit_operation`,`deposit_money`,`deposit_date`) values (353,'1000-03','Y',448600,'2021-05-06'); call next value for hibernate_sequence;
insert into account_transaction_detail (`id`,`account_number`,`is_deposit_operation`,`deposit_money`,`deposit_date`) values (354,'1000-04','Y',565100,'2019-07-19'); call next value for hibernate_sequence;
insert into account_transaction_detail (`id`,`account_number`,`is_deposit_operation`,`deposit_money`,`deposit_date`) values (355,'1000-05','N',847100,'2019-05-01'); call next value for hibernate_sequence;
insert into account_transaction_detail (`id`,`account_number`,`is_deposit_operation`,`deposit_money`,`deposit_date`) values (356,'1000-06','Y',804000,'2020-11-03'); call next value for hibernate_sequence;
insert into account_transaction_detail (`id`,`account_number`,`is_deposit_operation`,`deposit_money`,`deposit_date`) values (357,'1000-07','Y',554100,'2019-02-15'); call next value for hibernate_sequence;
insert into account_transaction_detail (`id`,`account_number`,`is_deposit_operation`,`deposit_money`,`deposit_date`) values (358,'1000-08','Y',805500,'2021-04-29'); call next value for hibernate_sequence;
insert into account_transaction_detail (`id`,`account_number`,`is_deposit_operation`,`deposit_money`,`deposit_date`) values (359,'1000-09','Y',931000,'2019-01-10'); call next value for hibernate_sequence;
insert into account_transaction_detail (`id`,`account_number`,`is_deposit_operation`,`deposit_money`,`deposit_date`) values (360,'1000-10','Y',704600,'2021-01-28'); call next value for hibernate_sequence;
insert into account_transaction_detail (`id`,`account_number`,`is_deposit_operation`,`deposit_money`,`deposit_date`) values (361,'1000-11','Y',669500,'2019-12-25'); call next value for hibernate_sequence;
insert into account_transaction_detail (`id`,`account_number`,`is_deposit_operation`,`deposit_money`,`deposit_date`) values (362,'1000-12','Y',480000,'2020-11-28'); call next value for hibernate_sequence;
insert into account_transaction_detail (`id`,`account_number`,`is_deposit_operation`,`deposit_money`,`deposit_date`) values (363,'1000-13','N',64000,'2019-07-22'); call next value for hibernate_sequence;
insert into account_transaction_detail (`id`,`account_number`,`is_deposit_operation`,`deposit_money`,`deposit_date`) values (364,'1000-14','Y',554800,'2020-09-15'); call next value for hibernate_sequence;
insert into account_transaction_detail (`id`,`account_number`,`is_deposit_operation`,`deposit_money`,`deposit_date`) values (365,'1000-15','Y',718100,'2019-07-20'); call next value for hibernate_sequence;
insert into account_transaction_detail (`id`,`account_number`,`is_deposit_operation`,`deposit_money`,`deposit_date`) values (366,'1000-16','Y',604800,'2021-04-06'); call next value for hibernate_sequence;
insert into account_transaction_detail (`id`,`account_number`,`is_deposit_operation`,`deposit_money`,`deposit_date`) values (367,'1000-17','Y',569700,'2021-01-30'); call next value for hibernate_sequence;
insert into account_transaction_detail (`id`,`account_number`,`is_deposit_operation`,`deposit_money`,`deposit_date`) values (368,'1000-18','Y',481300,'2019-01-30'); call next value for hibernate_sequence;
insert into account_transaction_detail (`id`,`account_number`,`is_deposit_operation`,`deposit_money`,`deposit_date`) values (369,'1000-19','Y',331000,'2020-01-19'); call next value for hibernate_sequence;
insert into account_transaction_detail (`id`,`account_number`,`is_deposit_operation`,`deposit_money`,`deposit_date`) values (370,'1000-20','Y',911800,'2021-07-23'); call next value for hibernate_sequence;
insert into account_transaction_detail (`id`,`account_number`,`is_deposit_operation`,`deposit_money`,`deposit_date`) values (371,'1000-21','Y',203900,'2020-07-06'); call next value for hibernate_sequence;
insert into account_transaction_detail (`id`,`account_number`,`is_deposit_operation`,`deposit_money`,`deposit_date`) values (372,'1000-22','Y',784000,'2020-07-19'); call next value for hibernate_sequence;
insert into account_transaction_detail (`id`,`account_number`,`is_deposit_operation`,`deposit_money`,`deposit_date`) values (373,'1000-23','Y',940700,'2019-11-11'); call next value for hibernate_sequence;
insert into account_transaction_detail (`id`,`account_number`,`is_deposit_operation`,`deposit_money`,`deposit_date`) values (374,'1000-24','N',631500,'2021-02-06'); call next value for hibernate_sequence;
insert into account_transaction_detail (`id`,`account_number`,`is_deposit_operation`,`deposit_money`,`deposit_date`) values (375,'1000-25','Y',518600,'2021-02-24'); call next value for hibernate_sequence;
insert into account_transaction_detail (`id`,`account_number`,`is_deposit_operation`,`deposit_money`,`deposit_date`) values (376,'1000-26','Y',493100,'2019-08-22'); call next value for hibernate_sequence;
insert into account_transaction_detail (`id`,`account_number`,`is_deposit_operation`,`deposit_money`,`deposit_date`) values (377,'1000-27','Y',710000,'2020-01-15'); call next value for hibernate_sequence;
insert into account_transaction_detail (`id`,`account_number`,`is_deposit_operation`,`deposit_money`,`deposit_date`) values (378,'1000-28','Y',640600,'2019-01-09'); call next value for hibernate_sequence;
insert into account_transaction_detail (`id`,`account_number`,`is_deposit_operation`,`deposit_money`,`deposit_date`) values (379,'1000-29','N',939300,'2019-10-07'); call next value for hibernate_sequence;
insert into account_transaction_detail (`id`,`account_number`,`is_deposit_operation`,`deposit_money`,`deposit_date`) values (380,'1000-30','N',713700,'2020-12-29'); call next value for hibernate_sequence;
insert into account_transaction_detail (`id`,`account_number`,`is_deposit_operation`,`deposit_money`,`deposit_date`) values (381,'1000-31','Y',968400,'2021-08-21'); call next value for hibernate_sequence;
insert into account_transaction_detail (`id`,`account_number`,`is_deposit_operation`,`deposit_money`,`deposit_date`) values (382,'1000-32','Y',969800,'2019-11-24'); call next value for hibernate_sequence;
insert into account_transaction_detail (`id`,`account_number`,`is_deposit_operation`,`deposit_money`,`deposit_date`) values (383,'1000-33','Y',408200,'2019-05-14'); call next value for hibernate_sequence;
insert into account_transaction_detail (`id`,`account_number`,`is_deposit_operation`,`deposit_money`,`deposit_date`) values (384,'1000-34','Y',546300,'2020-02-14'); call next value for hibernate_sequence;
insert into account_transaction_detail (`id`,`account_number`,`is_deposit_operation`,`deposit_money`,`deposit_date`) values (385,'1000-35','Y',254600,'2020-09-28'); call next value for hibernate_sequence;
insert into account_transaction_detail (`id`,`account_number`,`is_deposit_operation`,`deposit_money`,`deposit_date`) values (386,'1000-36','N',704700,'2021-05-29'); call next value for hibernate_sequence;
insert into account_transaction_detail (`id`,`account_number`,`is_deposit_operation`,`deposit_money`,`deposit_date`) values (387,'1000-37','N',651200,'2019-07-20'); call next value for hibernate_sequence;
insert into account_transaction_detail (`id`,`account_number`,`is_deposit_operation`,`deposit_money`,`deposit_date`) values (388,'1000-38','N',635900,'2021-07-08'); call next value for hibernate_sequence;
insert into account_transaction_detail (`id`,`account_number`,`is_deposit_operation`,`deposit_money`,`deposit_date`) values (389,'1000-39','N',229600,'2020-03-22'); call next value for hibernate_sequence;
insert into account_transaction_detail (`id`,`account_number`,`is_deposit_operation`,`deposit_money`,`deposit_date`) values (390,'1000-40','Y',28400,'2019-04-07'); call next value for hibernate_sequence;
insert into account_transaction_detail (`id`,`account_number`,`is_deposit_operation`,`deposit_money`,`deposit_date`) values (391,'1000-41','Y',183200,'2021-02-17'); call next value for hibernate_sequence;
insert into account_transaction_detail (`id`,`account_number`,`is_deposit_operation`,`deposit_money`,`deposit_date`) values (392,'1000-42','N',872000,'2020-02-27'); call next value for hibernate_sequence;
insert into account_transaction_detail (`id`,`account_number`,`is_deposit_operation`,`deposit_money`,`deposit_date`) values (393,'1000-43','Y',634900,'2020-08-28'); call next value for hibernate_sequence;
insert into account_transaction_detail (`id`,`account_number`,`is_deposit_operation`,`deposit_money`,`deposit_date`) values (394,'1000-44','Y',739000,'2020-07-11'); call next value for hibernate_sequence;
insert into account_transaction_detail (`id`,`account_number`,`is_deposit_operation`,`deposit_money`,`deposit_date`) values (395,'1000-45','Y',753000,'2019-06-29'); call next value for hibernate_sequence;
insert into account_transaction_detail (`id`,`account_number`,`is_deposit_operation`,`deposit_money`,`deposit_date`) values (396,'1000-46','Y',360800,'2020-02-08'); call next value for hibernate_sequence;
insert into account_transaction_detail (`id`,`account_number`,`is_deposit_operation`,`deposit_money`,`deposit_date`) values (397,'1000-47','Y',488000,'2021-02-12'); call next value for hibernate_sequence;
insert into account_transaction_detail (`id`,`account_number`,`is_deposit_operation`,`deposit_money`,`deposit_date`) values (398,'1000-48','Y',561600,'2020-10-01'); call next value for hibernate_sequence;
insert into account_transaction_detail (`id`,`account_number`,`is_deposit_operation`,`deposit_money`,`deposit_date`) values (399,'1000-49','N',765400,'2019-08-21'); call next value for hibernate_sequence;
insert into account_transaction_detail (`id`,`account_number`,`is_deposit_operation`,`deposit_money`,`deposit_date`) values (400,'1000-50','Y',817400,'2019-11-18'); call next value for hibernate_sequence;
insert into account_transaction_detail (`id`,`account_number`,`is_deposit_operation`,`deposit_money`,`deposit_date`) values (401,'1000-01','N',639000,'2020-10-17'); call next value for hibernate_sequence;
insert into account_transaction_detail (`id`,`account_number`,`is_deposit_operation`,`deposit_money`,`deposit_date`) values (402,'1000-02','N',82500,'2021-05-03'); call next value for hibernate_sequence;
insert into account_transaction_detail (`id`,`account_number`,`is_deposit_operation`,`deposit_money`,`deposit_date`) values (403,'1000-03','Y',66700,'2021-08-02'); call next value for hibernate_sequence;
insert into account_transaction_detail (`id`,`account_number`,`is_deposit_operation`,`deposit_money`,`deposit_date`) values (404,'1000-04','N',317300,'2019-05-02'); call next value for hibernate_sequence;
insert into account_transaction_detail (`id`,`account_number`,`is_deposit_operation`,`deposit_money`,`deposit_date`) values (405,'1000-05','Y',635100,'2019-05-22'); call next value for hibernate_sequence;
insert into account_transaction_detail (`id`,`account_number`,`is_deposit_operation`,`deposit_money`,`deposit_date`) values (406,'1000-06','Y',938500,'2021-04-05'); call next value for hibernate_sequence;
insert into account_transaction_detail (`id`,`account_number`,`is_deposit_operation`,`deposit_money`,`deposit_date`) values (407,'1000-07','N',348500,'2019-02-26'); call next value for hibernate_sequence;
insert into account_transaction_detail (`id`,`account_number`,`is_deposit_operation`,`deposit_money`,`deposit_date`) values (408,'1000-08','Y',449300,'2021-03-26'); call next value for hibernate_sequence;
insert into account_transaction_detail (`id`,`account_number`,`is_deposit_operation`,`deposit_money`,`deposit_date`) values (409,'1000-09','N',348400,'2021-01-25'); call next value for hibernate_sequence;
insert into account_transaction_detail (`id`,`account_number`,`is_deposit_operation`,`deposit_money`,`deposit_date`) values (410,'1000-10','Y',923400,'2019-01-05'); call next value for hibernate_sequence;
insert into account_transaction_detail (`id`,`account_number`,`is_deposit_operation`,`deposit_money`,`deposit_date`) values (411,'1000-11','N',451700,'2020-02-21'); call next value for hibernate_sequence;
insert into account_transaction_detail (`id`,`account_number`,`is_deposit_operation`,`deposit_money`,`deposit_date`) values (412,'1000-12','Y',424900,'2020-06-28'); call next value for hibernate_sequence;
insert into account_transaction_detail (`id`,`account_number`,`is_deposit_operation`,`deposit_money`,`deposit_date`) values (413,'1000-13','Y',70300,'2019-04-27'); call next value for hibernate_sequence;
insert into account_transaction_detail (`id`,`account_number`,`is_deposit_operation`,`deposit_money`,`deposit_date`) values (414,'1000-14','N',972900,'2021-01-16'); call next value for hibernate_sequence;
insert into account_transaction_detail (`id`,`account_number`,`is_deposit_operation`,`deposit_money`,`deposit_date`) values (415,'1000-15','Y',239400,'2021-01-10'); call next value for hibernate_sequence;
insert into account_transaction_detail (`id`,`account_number`,`is_deposit_operation`,`deposit_money`,`deposit_date`) values (416,'1000-16','Y',62200,'2020-04-24'); call next value for hibernate_sequence;
insert into account_transaction_detail (`id`,`account_number`,`is_deposit_operation`,`deposit_money`,`deposit_date`) values (417,'1000-17','Y',506100,'2019-06-05'); call next value for hibernate_sequence;
insert into account_transaction_detail (`id`,`account_number`,`is_deposit_operation`,`deposit_money`,`deposit_date`) values (418,'1000-18','N',277300,'2021-08-06'); call next value for hibernate_sequence;
insert into account_transaction_detail (`id`,`account_number`,`is_deposit_operation`,`deposit_money`,`deposit_date`) values (419,'1000-19','Y',765100,'2020-06-03'); call next value for hibernate_sequence;
insert into account_transaction_detail (`id`,`account_number`,`is_deposit_operation`,`deposit_money`,`deposit_date`) values (420,'1000-20','N',936100,'2020-09-07'); call next value for hibernate_sequence;
insert into account_transaction_detail (`id`,`account_number`,`is_deposit_operation`,`deposit_money`,`deposit_date`) values (421,'1000-21','N',957500,'2021-01-20'); call next value for hibernate_sequence;
insert into account_transaction_detail (`id`,`account_number`,`is_deposit_operation`,`deposit_money`,`deposit_date`) values (422,'1000-22','N',723000,'2020-10-28'); call next value for hibernate_sequence;
insert into account_transaction_detail (`id`,`account_number`,`is_deposit_operation`,`deposit_money`,`deposit_date`) values (423,'1000-23','Y',659500,'2020-02-14'); call next value for hibernate_sequence;
insert into account_transaction_detail (`id`,`account_number`,`is_deposit_operation`,`deposit_money`,`deposit_date`) values (424,'1000-24','N',984200,'2021-06-28'); call next value for hibernate_sequence;
insert into account_transaction_detail (`id`,`account_number`,`is_deposit_operation`,`deposit_money`,`deposit_date`) values (425,'1000-25','N',605000,'2020-04-02'); call next value for hibernate_sequence;
insert into account_transaction_detail (`id`,`account_number`,`is_deposit_operation`,`deposit_money`,`deposit_date`) values (426,'1000-26','Y',515700,'2020-08-07'); call next value for hibernate_sequence;
insert into account_transaction_detail (`id`,`account_number`,`is_deposit_operation`,`deposit_money`,`deposit_date`) values (427,'1000-27','Y',97700,'2019-12-04'); call next value for hibernate_sequence;
insert into account_transaction_detail (`id`,`account_number`,`is_deposit_operation`,`deposit_money`,`deposit_date`) values (428,'1000-28','Y',742100,'2019-02-08'); call next value for hibernate_sequence;
insert into account_transaction_detail (`id`,`account_number`,`is_deposit_operation`,`deposit_money`,`deposit_date`) values (429,'1000-29','N',824800,'2020-06-30'); call next value for hibernate_sequence;
insert into account_transaction_detail (`id`,`account_number`,`is_deposit_operation`,`deposit_money`,`deposit_date`) values (430,'1000-30','N',958300,'2020-11-21'); call next value for hibernate_sequence;
insert into account_transaction_detail (`id`,`account_number`,`is_deposit_operation`,`deposit_money`,`deposit_date`) values (431,'1000-31','N',287500,'2020-05-19'); call next value for hibernate_sequence;
insert into account_transaction_detail (`id`,`account_number`,`is_deposit_operation`,`deposit_money`,`deposit_date`) values (432,'1000-32','N',410000,'2019-08-05'); call next value for hibernate_sequence;
insert into account_transaction_detail (`id`,`account_number`,`is_deposit_operation`,`deposit_money`,`deposit_date`) values (433,'1000-33','Y',374100,'2021-02-20'); call next value for hibernate_sequence;
insert into account_transaction_detail (`id`,`account_number`,`is_deposit_operation`,`deposit_money`,`deposit_date`) values (434,'1000-34','Y',580200,'2020-02-19'); call next value for hibernate_sequence;
insert into account_transaction_detail (`id`,`account_number`,`is_deposit_operation`,`deposit_money`,`deposit_date`) values (435,'1000-35','Y',305000,'2020-06-10'); call next value for hibernate_sequence;
insert into account_transaction_detail (`id`,`account_number`,`is_deposit_operation`,`deposit_money`,`deposit_date`) values (436,'1000-36','Y',124800,'2021-05-25'); call next value for hibernate_sequence;
insert into account_transaction_detail (`id`,`account_number`,`is_deposit_operation`,`deposit_money`,`deposit_date`) values (437,'1000-37','N',65500,'2021-06-04'); call next value for hibernate_sequence;
insert into account_transaction_detail (`id`,`account_number`,`is_deposit_operation`,`deposit_money`,`deposit_date`) values (438,'1000-38','Y',968500,'2020-03-06'); call next value for hibernate_sequence;
insert into account_transaction_detail (`id`,`account_number`,`is_deposit_operation`,`deposit_money`,`deposit_date`) values (439,'1000-39','N',520800,'2020-10-22'); call next value for hibernate_sequence;
insert into account_transaction_detail (`id`,`account_number`,`is_deposit_operation`,`deposit_money`,`deposit_date`) values (440,'1000-40','N',305400,'2019-08-26'); call next value for hibernate_sequence;
insert into account_transaction_detail (`id`,`account_number`,`is_deposit_operation`,`deposit_money`,`deposit_date`) values (441,'1000-41','Y',428500,'2020-03-06'); call next value for hibernate_sequence;
insert into account_transaction_detail (`id`,`account_number`,`is_deposit_operation`,`deposit_money`,`deposit_date`) values (442,'1000-42','Y',991100,'2021-02-01'); call next value for hibernate_sequence;
insert into account_transaction_detail (`id`,`account_number`,`is_deposit_operation`,`deposit_money`,`deposit_date`) values (443,'1000-43','Y',765500,'2021-06-16'); call next value for hibernate_sequence;
insert into account_transaction_detail (`id`,`account_number`,`is_deposit_operation`,`deposit_money`,`deposit_date`) values (444,'1000-44','N',960600,'2020-10-04'); call next value for hibernate_sequence;
insert into account_transaction_detail (`id`,`account_number`,`is_deposit_operation`,`deposit_money`,`deposit_date`) values (445,'1000-45','Y',93500,'2020-11-14'); call next value for hibernate_sequence;
insert into account_transaction_detail (`id`,`account_number`,`is_deposit_operation`,`deposit_money`,`deposit_date`) values (446,'1000-46','N',674000,'2019-05-22'); call next value for hibernate_sequence;
insert into account_transaction_detail (`id`,`account_number`,`is_deposit_operation`,`deposit_money`,`deposit_date`) values (447,'1000-47','Y',386800,'2019-02-14'); call next value for hibernate_sequence;
insert into account_transaction_detail (`id`,`account_number`,`is_deposit_operation`,`deposit_money`,`deposit_date`) values (448,'1000-48','Y',681800,'2020-12-29'); call next value for hibernate_sequence;
insert into account_transaction_detail (`id`,`account_number`,`is_deposit_operation`,`deposit_money`,`deposit_date`) values (449,'1000-49','Y',223300,'2019-09-19'); call next value for hibernate_sequence;
insert into account_transaction_detail (`id`,`account_number`,`is_deposit_operation`,`deposit_money`,`deposit_date`) values (450,'1000-50','N',836000,'2019-07-12'); call next value for hibernate_sequence;
insert into account_transaction_detail (`id`,`account_number`,`is_deposit_operation`,`deposit_money`,`deposit_date`) values (451,'1000-01','N',142400,'2021-03-19'); call next value for hibernate_sequence;
insert into account_transaction_detail (`id`,`account_number`,`is_deposit_operation`,`deposit_money`,`deposit_date`) values (452,'1000-02','Y',788100,'2019-12-02'); call next value for hibernate_sequence;
insert into account_transaction_detail (`id`,`account_number`,`is_deposit_operation`,`deposit_money`,`deposit_date`) values (453,'1000-03','N',603000,'2019-04-14'); call next value for hibernate_sequence;
insert into account_transaction_detail (`id`,`account_number`,`is_deposit_operation`,`deposit_money`,`deposit_date`) values (454,'1000-04','N',67300,'2021-09-02'); call next value for hibernate_sequence;
insert into account_transaction_detail (`id`,`account_number`,`is_deposit_operation`,`deposit_money`,`deposit_date`) values (455,'1000-05','Y',596200,'2020-06-30'); call next value for hibernate_sequence;
insert into account_transaction_detail (`id`,`account_number`,`is_deposit_operation`,`deposit_money`,`deposit_date`) values (456,'1000-06','Y',35600,'2020-09-12'); call next value for hibernate_sequence;
insert into account_transaction_detail (`id`,`account_number`,`is_deposit_operation`,`deposit_money`,`deposit_date`) values (457,'1000-07','Y',76100,'2020-01-22'); call next value for hibernate_sequence;
insert into account_transaction_detail (`id`,`account_number`,`is_deposit_operation`,`deposit_money`,`deposit_date`) values (458,'1000-08','Y',475900,'2020-10-06'); call next value for hibernate_sequence;
insert into account_transaction_detail (`id`,`account_number`,`is_deposit_operation`,`deposit_money`,`deposit_date`) values (459,'1000-09','N',886600,'2020-04-05'); call next value for hibernate_sequence;
insert into account_transaction_detail (`id`,`account_number`,`is_deposit_operation`,`deposit_money`,`deposit_date`) values (460,'1000-10','N',267800,'2021-04-18'); call next value for hibernate_sequence;
insert into account_transaction_detail (`id`,`account_number`,`is_deposit_operation`,`deposit_money`,`deposit_date`) values (461,'1000-11','Y',533800,'2019-01-13'); call next value for hibernate_sequence;
insert into account_transaction_detail (`id`,`account_number`,`is_deposit_operation`,`deposit_money`,`deposit_date`) values (462,'1000-12','Y',76200,'2021-09-07'); call next value for hibernate_sequence;
insert into account_transaction_detail (`id`,`account_number`,`is_deposit_operation`,`deposit_money`,`deposit_date`) values (463,'1000-13','Y',966900,'2020-03-04'); call next value for hibernate_sequence;
insert into account_transaction_detail (`id`,`account_number`,`is_deposit_operation`,`deposit_money`,`deposit_date`) values (464,'1000-14','N',459600,'2019-09-23'); call next value for hibernate_sequence;
insert into account_transaction_detail (`id`,`account_number`,`is_deposit_operation`,`deposit_money`,`deposit_date`) values (465,'1000-15','Y',292000,'2020-10-30'); call next value for hibernate_sequence;
insert into account_transaction_detail (`id`,`account_number`,`is_deposit_operation`,`deposit_money`,`deposit_date`) values (466,'1000-16','Y',700200,'2019-06-04'); call next value for hibernate_sequence;
insert into account_transaction_detail (`id`,`account_number`,`is_deposit_operation`,`deposit_money`,`deposit_date`) values (467,'1000-17','Y',225300,'2019-04-08'); call next value for hibernate_sequence;
insert into account_transaction_detail (`id`,`account_number`,`is_deposit_operation`,`deposit_money`,`deposit_date`) values (468,'1000-18','N',432300,'2019-07-17'); call next value for hibernate_sequence;
insert into account_transaction_detail (`id`,`account_number`,`is_deposit_operation`,`deposit_money`,`deposit_date`) values (469,'1000-19','Y',953600,'2019-02-24'); call next value for hibernate_sequence;
insert into account_transaction_detail (`id`,`account_number`,`is_deposit_operation`,`deposit_money`,`deposit_date`) values (470,'1000-20','Y',828100,'2020-03-08'); call next value for hibernate_sequence;
insert into account_transaction_detail (`id`,`account_number`,`is_deposit_operation`,`deposit_money`,`deposit_date`) values (471,'1000-21','Y',719900,'2019-06-14'); call next value for hibernate_sequence;
insert into account_transaction_detail (`id`,`account_number`,`is_deposit_operation`,`deposit_money`,`deposit_date`) values (472,'1000-22','Y',202100,'2019-04-05'); call next value for hibernate_sequence;
insert into account_transaction_detail (`id`,`account_number`,`is_deposit_operation`,`deposit_money`,`deposit_date`) values (473,'1000-23','N',204200,'2020-08-25'); call next value for hibernate_sequence;
insert into account_transaction_detail (`id`,`account_number`,`is_deposit_operation`,`deposit_money`,`deposit_date`) values (474,'1000-24','Y',131100,'2020-01-16'); call next value for hibernate_sequence;
insert into account_transaction_detail (`id`,`account_number`,`is_deposit_operation`,`deposit_money`,`deposit_date`) values (475,'1000-25','Y',987900,'2021-03-09'); call next value for hibernate_sequence;
insert into account_transaction_detail (`id`,`account_number`,`is_deposit_operation`,`deposit_money`,`deposit_date`) values (476,'1000-26','N',135500,'2019-04-14'); call next value for hibernate_sequence;
insert into account_transaction_detail (`id`,`account_number`,`is_deposit_operation`,`deposit_money`,`deposit_date`) values (477,'1000-27','Y',92200,'2021-01-02'); call next value for hibernate_sequence;
insert into account_transaction_detail (`id`,`account_number`,`is_deposit_operation`,`deposit_money`,`deposit_date`) values (478,'1000-28','Y',794600,'2019-06-06'); call next value for hibernate_sequence;
insert into account_transaction_detail (`id`,`account_number`,`is_deposit_operation`,`deposit_money`,`deposit_date`) values (479,'1000-29','Y',319900,'2020-08-24'); call next value for hibernate_sequence;
insert into account_transaction_detail (`id`,`account_number`,`is_deposit_operation`,`deposit_money`,`deposit_date`) values (480,'1000-30','Y',260900,'2020-08-08'); call next value for hibernate_sequence;
insert into account_transaction_detail (`id`,`account_number`,`is_deposit_operation`,`deposit_money`,`deposit_date`) values (481,'1000-31','Y',481200,'2020-06-14'); call next value for hibernate_sequence;
insert into account_transaction_detail (`id`,`account_number`,`is_deposit_operation`,`deposit_money`,`deposit_date`) values (482,'1000-32','Y',671900,'2020-06-02'); call next value for hibernate_sequence;
insert into account_transaction_detail (`id`,`account_number`,`is_deposit_operation`,`deposit_money`,`deposit_date`) values (483,'1000-33','Y',304600,'2020-01-25'); call next value for hibernate_sequence;
insert into account_transaction_detail (`id`,`account_number`,`is_deposit_operation`,`deposit_money`,`deposit_date`) values (484,'1000-34','Y',859700,'2019-11-13'); call next value for hibernate_sequence;
insert into account_transaction_detail (`id`,`account_number`,`is_deposit_operation`,`deposit_money`,`deposit_date`) values (485,'1000-35','Y',608700,'2019-08-30'); call next value for hibernate_sequence;
insert into account_transaction_detail (`id`,`account_number`,`is_deposit_operation`,`deposit_money`,`deposit_date`) values (486,'1000-36','Y',29300,'2020-07-22'); call next value for hibernate_sequence;
insert into account_transaction_detail (`id`,`account_number`,`is_deposit_operation`,`deposit_money`,`deposit_date`) values (487,'1000-37','Y',824300,'2020-11-16'); call next value for hibernate_sequence;
insert into account_transaction_detail (`id`,`account_number`,`is_deposit_operation`,`deposit_money`,`deposit_date`) values (488,'1000-38','Y',185400,'2019-12-22'); call next value for hibernate_sequence;
insert into account_transaction_detail (`id`,`account_number`,`is_deposit_operation`,`deposit_money`,`deposit_date`) values (489,'1000-39','Y',240800,'2021-04-03'); call next value for hibernate_sequence;
insert into account_transaction_detail (`id`,`account_number`,`is_deposit_operation`,`deposit_money`,`deposit_date`) values (490,'1000-40','Y',188600,'2021-06-19'); call next value for hibernate_sequence;
insert into account_transaction_detail (`id`,`account_number`,`is_deposit_operation`,`deposit_money`,`deposit_date`) values (491,'1000-41','Y',700500,'2019-09-28'); call next value for hibernate_sequence;
insert into account_transaction_detail (`id`,`account_number`,`is_deposit_operation`,`deposit_money`,`deposit_date`) values (492,'1000-42','Y',569500,'2020-09-18'); call next value for hibernate_sequence;
insert into account_transaction_detail (`id`,`account_number`,`is_deposit_operation`,`deposit_money`,`deposit_date`) values (493,'1000-43','N',998800,'2021-05-28'); call next value for hibernate_sequence;
insert into account_transaction_detail (`id`,`account_number`,`is_deposit_operation`,`deposit_money`,`deposit_date`) values (494,'1000-44','Y',112100,'2019-11-02'); call next value for hibernate_sequence;
insert into account_transaction_detail (`id`,`account_number`,`is_deposit_operation`,`deposit_money`,`deposit_date`) values (495,'1000-45','N',874400,'2021-05-21'); call next value for hibernate_sequence;
insert into account_transaction_detail (`id`,`account_number`,`is_deposit_operation`,`deposit_money`,`deposit_date`) values (496,'1000-46','Y',438800,'2019-12-17'); call next value for hibernate_sequence;
insert into account_transaction_detail (`id`,`account_number`,`is_deposit_operation`,`deposit_money`,`deposit_date`) values (497,'1000-47','N',700000,'2021-02-02'); call next value for hibernate_sequence;
insert into account_transaction_detail (`id`,`account_number`,`is_deposit_operation`,`deposit_money`,`deposit_date`) values (498,'1000-48','Y',910300,'2021-04-14'); call next value for hibernate_sequence;
insert into account_transaction_detail (`id`,`account_number`,`is_deposit_operation`,`deposit_money`,`deposit_date`) values (499,'1000-49','Y',69400,'2020-08-21'); call next value for hibernate_sequence;
insert into account_transaction_detail (`id`,`account_number`,`is_deposit_operation`,`deposit_money`,`deposit_date`) values (500,'1000-50','N',448000,'2019-12-16'); call next value for hibernate_sequence;
